lot_id,equipment_id,fit_status,equipment_state,process_minutes,setup_minutes
LOT-24017,ETCH-01,가능,Ready,34,0
LOT-24017,ETCH-03,가능,Setup 필요,32,18
LOT-24017,ETCH-05,조건부,CF4 보충 필요,36,8
LOT-DEMO-0002,ETCH-01,조건부,CF4 보충 필요,32,1
LOT-DEMO-0002,ETCH-03,가능,Setup 필요,31,20
LOT-DEMO-0002,ETCH-05,가능,Setup 필요,36,6
LOT-DEMO-0003,ETCH-01,가능,Ready,33,0
LOT-DEMO-0003,ETCH-03,조건부,CF4 보충 필요,32,18
LOT-DEMO-0003,ETCH-05,가능,Setup 필요,37,9
LOT-DEMO-0004,ETCH-01,가능,Ready,34,2
LOT-DEMO-0004,ETCH-03,조건부,CF4 보충 필요,33,16
LOT-DEMO-0004,ETCH-05,조건부,CF4 보충 필요,38,7
LOT-DEMO-0005,ETCH-01,가능,Ready,35,0
LOT-DEMO-0005,ETCH-03,조건부,CF4 보충 필요,34,19
LOT-DEMO-0005,ETCH-05,조건부,CF4 보충 필요,39,10
LOT-DEMO-0006,ETCH-01,조건부,CF4 보충 필요,36,0
LOT-DEMO-0006,ETCH-03,가능,Setup 필요,35,17
LOT-DEMO-0006,ETCH-05,조건부,CF4 보충 필요,33,8
LOT-DEMO-0007,ETCH-01,가능,Ready,37,1
LOT-DEMO-0007,ETCH-03,가능,Setup 필요,29,20
LOT-DEMO-0007,ETCH-05,가능,Setup 필요,34,6
LOT-DEMO-0008,ETCH-01,가능,Ready,31,0
LOT-DEMO-0008,ETCH-03,조건부,CF4 보충 필요,30,18
LOT-DEMO-0008,ETCH-05,조건부,CF4 보충 필요,35,9
LOT-DEMO-0009,ETCH-01,가능,Ready,32,2
LOT-DEMO-0009,ETCH-03,조건부,CF4 보충 필요,31,16
LOT-DEMO-0009,ETCH-05,조건부,CF4 보충 필요,36,7
LOT-DEMO-0010,ETCH-01,조건부,CF4 보충 필요,33,0
LOT-DEMO-0010,ETCH-03,조건부,CF4 보충 필요,32,19
LOT-DEMO-0010,ETCH-05,가능,Setup 필요,37,10
LOT-DEMO-0011,ETCH-01,가능,Ready,34,0
LOT-DEMO-0011,ETCH-03,가능,Setup 필요,33,17
LOT-DEMO-0011,ETCH-05,조건부,CF4 보충 필요,38,8
LOT-DEMO-0012,ETCH-01,가능,Ready,35,1
LOT-DEMO-0012,ETCH-03,가능,Setup 필요,34,20
LOT-DEMO-0012,ETCH-05,조건부,CF4 보충 필요,39,6
LOT-DEMO-0013,ETCH-01,가능,Ready,36,0
LOT-DEMO-0013,ETCH-03,조건부,CF4 보충 필요,35,18
LOT-DEMO-0013,ETCH-05,조건부,CF4 보충 필요,33,9
LOT-DEMO-0014,ETCH-01,조건부,CF4 보충 필요,37,2
LOT-DEMO-0014,ETCH-03,조건부,CF4 보충 필요,29,16
LOT-DEMO-0014,ETCH-05,가능,Setup 필요,34,7
LOT-DEMO-0015,ETCH-01,조건부,CF4 보충 필요,31,0
LOT-DEMO-0015,ETCH-03,조건부,CF4 보충 필요,30,19
LOT-DEMO-0015,ETCH-05,가능,Setup 필요,35,10
LOT-DEMO-0016,ETCH-01,가능,Ready,32,0
LOT-DEMO-0016,ETCH-03,가능,Setup 필요,31,17
LOT-DEMO-0016,ETCH-05,조건부,CF4 보충 필요,36,8
LOT-DEMO-0017,ETCH-01,가능,Ready,33,1
LOT-DEMO-0017,ETCH-03,가능,Setup 필요,32,20
LOT-DEMO-0017,ETCH-05,조건부,CF4 보충 필요,37,6
LOT-DEMO-0018,ETCH-01,조건부,CF4 보충 필요,34,0
LOT-DEMO-0018,ETCH-03,조건부,CF4 보충 필요,33,18
LOT-DEMO-0018,ETCH-05,가능,Setup 필요,38,9
LOT-DEMO-0019,ETCH-01,조건부,CF4 보충 필요,35,2
LOT-DEMO-0019,ETCH-03,조건부,CF4 보충 필요,34,16
LOT-DEMO-0019,ETCH-05,가능,Setup 필요,39,7
LOT-DEMO-0020,ETCH-01,가능,Ready,36,0
LOT-DEMO-0020,ETCH-03,조건부,CF4 보충 필요,35,19
LOT-DEMO-0020,ETCH-05,가능,Setup 필요,33,10
LOT-DEMO-0021,ETCH-01,가능,Ready,37,0
LOT-DEMO-0021,ETCH-03,가능,Setup 필요,29,17
LOT-DEMO-0021,ETCH-05,조건부,CF4 보충 필요,34,8
LOT-DEMO-0022,ETCH-01,조건부,CF4 보충 필요,31,1
LOT-DEMO-0022,ETCH-03,가능,Setup 필요,30,20
LOT-DEMO-0022,ETCH-05,가능,Setup 필요,35,6
LOT-DEMO-0023,ETCH-01,조건부,CF4 보충 필요,32,0
LOT-DEMO-0023,ETCH-03,조건부,CF4 보충 필요,31,18
LOT-DEMO-0023,ETCH-05,가능,Setup 필요,36,9
LOT-DEMO-0024,ETCH-01,가능,Ready,33,2
LOT-DEMO-0024,ETCH-03,조건부,CF4 보충 필요,32,16
LOT-DEMO-0024,ETCH-05,가능,Setup 필요,37,7
LOT-DEMO-0025,ETCH-01,가능,Ready,34,0
LOT-DEMO-0025,ETCH-03,조건부,CF4 보충 필요,33,19
LOT-DEMO-0025,ETCH-05,조건부,CF4 보충 필요,38,10
LOT-DEMO-0026,ETCH-01,조건부,CF4 보충 필요,35,0
LOT-DEMO-0026,ETCH-03,가능,Setup 필요,34,17
LOT-DEMO-0026,ETCH-05,조건부,CF4 보충 필요,39,8
LOT-DEMO-0027,ETCH-01,조건부,CF4 보충 필요,36,1
LOT-DEMO-0027,ETCH-03,가능,Setup 필요,35,20
LOT-DEMO-0027,ETCH-05,가능,Setup 필요,33,6
LOT-DEMO-0028,ETCH-01,가능,Ready,37,0
LOT-DEMO-0028,ETCH-03,조건부,CF4 보충 필요,29,18
LOT-DEMO-0028,ETCH-05,가능,Setup 필요,34,9
LOT-DEMO-0029,ETCH-01,가능,Ready,31,2
LOT-DEMO-0029,ETCH-03,조건부,CF4 보충 필요,30,16
LOT-DEMO-0029,ETCH-05,조건부,CF4 보충 필요,35,7
LOT-DEMO-0030,ETCH-01,조건부,CF4 보충 필요,32,0
LOT-DEMO-0030,ETCH-03,조건부,CF4 보충 필요,31,19
LOT-DEMO-0030,ETCH-05,조건부,CF4 보충 필요,36,10
LOT-DEMO-0031,ETCH-01,조건부,CF4 보충 필요,33,0
LOT-DEMO-0031,ETCH-03,가능,Setup 필요,32,17
LOT-DEMO-0031,ETCH-05,조건부,CF4 보충 필요,37,8
LOT-DEMO-0032,ETCH-01,가능,Ready,34,1
LOT-DEMO-0032,ETCH-03,가능,Setup 필요,33,20
LOT-DEMO-0032,ETCH-05,가능,Setup 필요,38,6
LOT-DEMO-0033,ETCH-01,가능,Ready,35,0
LOT-DEMO-0033,ETCH-03,조건부,CF4 보충 필요,34,18
LOT-DEMO-0033,ETCH-05,조건부,CF4 보충 필요,39,9
LOT-DEMO-0034,ETCH-01,가능,Ready,36,2
LOT-DEMO-0034,ETCH-03,조건부,CF4 보충 필요,35,16
LOT-DEMO-0034,ETCH-05,조건부,CF4 보충 필요,33,7
LOT-DEMO-0035,ETCH-01,조건부,CF4 보충 필요,37,0
LOT-DEMO-0035,ETCH-03,조건부,CF4 보충 필요,29,19
LOT-DEMO-0035,ETCH-05,가능,Setup 필요,34,10
LOT-DEMO-0036,ETCH-01,가능,Ready,31,0
LOT-DEMO-0036,ETCH-03,가능,Setup 필요,30,17
LOT-DEMO-0036,ETCH-05,조건부,CF4 보충 필요,35,8
LOT-DEMO-0037,ETCH-01,가능,Ready,32,1
LOT-DEMO-0037,ETCH-03,가능,Setup 필요,31,20
LOT-DEMO-0037,ETCH-05,조건부,CF4 보충 필요,36,6
LOT-DEMO-0038,ETCH-01,가능,Ready,33,0
LOT-DEMO-0038,ETCH-03,조건부,CF4 보충 필요,32,18
LOT-DEMO-0038,ETCH-05,조건부,CF4 보충 필요,37,9
LOT-DEMO-0039,ETCH-01,조건부,CF4 보충 필요,34,2
LOT-DEMO-0039,ETCH-03,조건부,CF4 보충 필요,33,16
LOT-DEMO-0039,ETCH-05,가능,Setup 필요,38,7
LOT-DEMO-0040,ETCH-01,가능,Ready,35,0
LOT-DEMO-0040,ETCH-03,조건부,CF4 보충 필요,34,19
LOT-DEMO-0040,ETCH-05,가능,Setup 필요,39,10
LOT-DEMO-0041,ETCH-01,가능,Ready,36,0
LOT-DEMO-0041,ETCH-03,가능,Setup 필요,35,17
LOT-DEMO-0041,ETCH-05,조건부,CF4 보충 필요,33,8
LOT-DEMO-0042,ETCH-01,가능,Ready,37,1
LOT-DEMO-0042,ETCH-03,가능,Setup 필요,29,20
LOT-DEMO-0042,ETCH-05,조건부,CF4 보충 필요,34,6
LOT-DEMO-0043,ETCH-01,조건부,CF4 보충 필요,31,0
LOT-DEMO-0043,ETCH-03,조건부,CF4 보충 필요,30,18
LOT-DEMO-0043,ETCH-05,가능,Setup 필요,35,9
LOT-DEMO-0044,ETCH-01,조건부,CF4 보충 필요,32,2
LOT-DEMO-0044,ETCH-03,조건부,CF4 보충 필요,31,16
LOT-DEMO-0044,ETCH-05,가능,Setup 필요,36,7
LOT-DEMO-0045,ETCH-01,가능,Ready,33,0
LOT-DEMO-0045,ETCH-03,조건부,CF4 보충 필요,32,19
LOT-DEMO-0045,ETCH-05,가능,Setup 필요,37,10
LOT-DEMO-0046,ETCH-01,가능,Ready,34,0
LOT-DEMO-0046,ETCH-03,가능,Setup 필요,33,17
LOT-DEMO-0046,ETCH-05,조건부,CF4 보충 필요,38,8
LOT-DEMO-0047,ETCH-01,조건부,CF4 보충 필요,35,1
LOT-DEMO-0047,ETCH-03,가능,Setup 필요,34,20
LOT-DEMO-0047,ETCH-05,가능,Setup 필요,39,6
LOT-DEMO-0048,ETCH-01,조건부,CF4 보충 필요,36,0
LOT-DEMO-0048,ETCH-03,조건부,CF4 보충 필요,35,18
LOT-DEMO-0048,ETCH-05,가능,Setup 필요,33,9
LOT-DEMO-0049,ETCH-01,가능,Ready,37,2
LOT-DEMO-0049,ETCH-03,조건부,CF4 보충 필요,29,16
LOT-DEMO-0049,ETCH-05,가능,Setup 필요,34,7
LOT-DEMO-0050,ETCH-01,가능,Ready,31,0
LOT-DEMO-0050,ETCH-03,조건부,CF4 보충 필요,30,19
LOT-DEMO-0050,ETCH-05,조건부,CF4 보충 필요,35,10
LOT-DEMO-0051,ETCH-01,조건부,CF4 보충 필요,32,0
LOT-DEMO-0051,ETCH-03,가능,Setup 필요,31,17
LOT-DEMO-0051,ETCH-05,조건부,CF4 보충 필요,36,8
LOT-DEMO-0052,ETCH-01,조건부,CF4 보충 필요,33,1
LOT-DEMO-0052,ETCH-03,가능,Setup 필요,32,20
LOT-DEMO-0052,ETCH-05,가능,Setup 필요,37,6
LOT-DEMO-0053,ETCH-01,가능,Ready,34,0
LOT-DEMO-0053,ETCH-03,조건부,CF4 보충 필요,33,18
LOT-DEMO-0053,ETCH-05,가능,Setup 필요,38,9
LOT-DEMO-0054,ETCH-01,가능,Ready,35,2
LOT-DEMO-0054,ETCH-03,조건부,CF4 보충 필요,34,16
LOT-DEMO-0054,ETCH-05,조건부,CF4 보충 필요,39,7
LOT-DEMO-0055,ETCH-01,조건부,CF4 보충 필요,36,0
LOT-DEMO-0055,ETCH-03,조건부,CF4 보충 필요,35,19
LOT-DEMO-0055,ETCH-05,조건부,CF4 보충 필요,33,10
LOT-DEMO-0056,ETCH-01,조건부,CF4 보충 필요,37,0
LOT-DEMO-0056,ETCH-03,가능,Setup 필요,29,17
LOT-DEMO-0056,ETCH-05,조건부,CF4 보충 필요,34,8
LOT-DEMO-0057,ETCH-01,가능,Ready,31,1
LOT-DEMO-0057,ETCH-03,가능,Setup 필요,30,20
LOT-DEMO-0057,ETCH-05,가능,Setup 필요,35,6
LOT-DEMO-0058,ETCH-01,가능,Ready,32,0
LOT-DEMO-0058,ETCH-03,조건부,CF4 보충 필요,31,18
LOT-DEMO-0058,ETCH-05,조건부,CF4 보충 필요,36,9
LOT-DEMO-0059,ETCH-01,조건부,CF4 보충 필요,33,2
LOT-DEMO-0059,ETCH-03,조건부,CF4 보충 필요,32,16
LOT-DEMO-0059,ETCH-05,조건부,CF4 보충 필요,37,7
LOT-DEMO-0060,ETCH-01,조건부,CF4 보충 필요,34,0
LOT-DEMO-0060,ETCH-03,조건부,CF4 보충 필요,33,19
LOT-DEMO-0060,ETCH-05,가능,Setup 필요,38,10
LOT-DEMO-0061,ETCH-01,가능,Ready,35,0
LOT-DEMO-0061,ETCH-03,가능,Setup 필요,34,17
LOT-DEMO-0061,ETCH-05,조건부,CF4 보충 필요,39,8
LOT-DEMO-0062,ETCH-01,가능,Ready,36,1
LOT-DEMO-0062,ETCH-03,가능,Setup 필요,35,20
LOT-DEMO-0062,ETCH-05,조건부,CF4 보충 필요,33,6
LOT-DEMO-0063,ETCH-01,가능,Ready,37,0
LOT-DEMO-0063,ETCH-03,조건부,CF4 보충 필요,29,18
LOT-DEMO-0063,ETCH-05,조건부,CF4 보충 필요,34,9
LOT-DEMO-0064,ETCH-01,조건부,CF4 보충 필요,31,2
LOT-DEMO-0064,ETCH-03,조건부,CF4 보충 필요,30,16
LOT-DEMO-0064,ETCH-05,가능,Setup 필요,35,7
LOT-DEMO-0065,ETCH-01,가능,Ready,32,0
LOT-DEMO-0065,ETCH-03,조건부,CF4 보충 필요,31,19
LOT-DEMO-0065,ETCH-05,가능,Setup 필요,36,10
LOT-DEMO-0066,ETCH-01,가능,Ready,33,0
LOT-DEMO-0066,ETCH-03,가능,Setup 필요,32,17
LOT-DEMO-0066,ETCH-05,조건부,CF4 보충 필요,37,8
LOT-DEMO-0067,ETCH-01,가능,Ready,34,1
LOT-DEMO-0067,ETCH-03,가능,Setup 필요,33,20
LOT-DEMO-0067,ETCH-05,조건부,CF4 보충 필요,38,6
LOT-DEMO-0068,ETCH-01,조건부,CF4 보충 필요,35,0
LOT-DEMO-0068,ETCH-03,조건부,CF4 보충 필요,34,18
LOT-DEMO-0068,ETCH-05,가능,Setup 필요,39,9
LOT-DEMO-0069,ETCH-01,가능,Ready,36,2
LOT-DEMO-0069,ETCH-03,조건부,CF4 보충 필요,35,16
LOT-DEMO-0069,ETCH-05,가능,Setup 필요,33,7
LOT-DEMO-0070,ETCH-01,가능,Ready,37,0
LOT-DEMO-0070,ETCH-03,조건부,CF4 보충 필요,29,19
LOT-DEMO-0070,ETCH-05,조건부,CF4 보충 필요,34,10
LOT-DEMO-0071,ETCH-01,가능,Ready,31,0
LOT-DEMO-0071,ETCH-03,가능,Setup 필요,30,17
LOT-DEMO-0071,ETCH-05,조건부,CF4 보충 필요,35,8
LOT-DEMO-0072,ETCH-01,조건부,CF4 보충 필요,32,1
LOT-DEMO-0072,ETCH-03,가능,Setup 필요,31,20
LOT-DEMO-0072,ETCH-05,가능,Setup 필요,36,6
LOT-DEMO-0073,ETCH-01,조건부,CF4 보충 필요,33,0
LOT-DEMO-0073,ETCH-03,조건부,CF4 보충 필요,32,18
LOT-DEMO-0073,ETCH-05,가능,Setup 필요,37,9
LOT-DEMO-0074,ETCH-01,가능,Ready,34,2
LOT-DEMO-0074,ETCH-03,조건부,CF4 보충 필요,33,16
LOT-DEMO-0074,ETCH-05,가능,Setup 필요,38,7
LOT-DEMO-0075,ETCH-01,가능,Ready,35,0
LOT-DEMO-0075,ETCH-03,조건부,CF4 보충 필요,34,19
LOT-DEMO-0075,ETCH-05,조건부,CF4 보충 필요,39,10
LOT-DEMO-0076,ETCH-01,조건부,CF4 보충 필요,36,0
LOT-DEMO-0076,ETCH-03,가능,Setup 필요,35,17
LOT-DEMO-0076,ETCH-05,조건부,CF4 보충 필요,33,8
LOT-DEMO-0077,ETCH-01,조건부,CF4 보충 필요,37,1
LOT-DEMO-0077,ETCH-03,가능,Setup 필요,29,20
LOT-DEMO-0077,ETCH-05,가능,Setup 필요,34,6
LOT-DEMO-0078,ETCH-01,가능,Ready,31,0
LOT-DEMO-0078,ETCH-03,조건부,CF4 보충 필요,30,18
LOT-DEMO-0078,ETCH-05,가능,Setup 필요,35,9
LOT-DEMO-0079,ETCH-01,가능,Ready,32,2
LOT-DEMO-0079,ETCH-03,조건부,CF4 보충 필요,31,16
LOT-DEMO-0079,ETCH-05,조건부,CF4 보충 필요,36,7
LOT-DEMO-0080,ETCH-01,조건부,CF4 보충 필요,33,0
LOT-DEMO-0080,ETCH-03,조건부,CF4 보충 필요,32,19
LOT-DEMO-0080,ETCH-05,가능,Setup 필요,37,10
LOT-DEMO-0081,ETCH-01,조건부,CF4 보충 필요,34,0
LOT-DEMO-0081,ETCH-03,가능,Setup 필요,33,17
LOT-DEMO-0081,ETCH-05,조건부,CF4 보충 필요,38,8
LOT-DEMO-0082,ETCH-01,가능,Ready,35,1
LOT-DEMO-0082,ETCH-03,가능,Setup 필요,34,20
LOT-DEMO-0082,ETCH-05,가능,Setup 필요,39,6
LOT-DEMO-0083,ETCH-01,가능,Ready,36,0
LOT-DEMO-0083,ETCH-03,조건부,CF4 보충 필요,35,18
LOT-DEMO-0083,ETCH-05,조건부,CF4 보충 필요,33,9
LOT-DEMO-0084,ETCH-01,조건부,CF4 보충 필요,37,2
LOT-DEMO-0084,ETCH-03,조건부,CF4 보충 필요,29,16
LOT-DEMO-0084,ETCH-05,조건부,CF4 보충 필요,34,7
LOT-DEMO-0085,ETCH-01,조건부,CF4 보충 필요,31,0
LOT-DEMO-0085,ETCH-03,조건부,CF4 보충 필요,30,19
LOT-DEMO-0085,ETCH-05,가능,Setup 필요,35,10
LOT-DEMO-0086,ETCH-01,가능,Ready,32,0
LOT-DEMO-0086,ETCH-03,가능,Setup 필요,31,17
LOT-DEMO-0086,ETCH-05,조건부,CF4 보충 필요,36,8
LOT-DEMO-0087,ETCH-01,가능,Ready,33,1
LOT-DEMO-0087,ETCH-03,가능,Setup 필요,32,20
LOT-DEMO-0087,ETCH-05,조건부,CF4 보충 필요,37,6
LOT-DEMO-0088,ETCH-01,조건부,CF4 보충 필요,34,0
LOT-DEMO-0088,ETCH-03,조건부,CF4 보충 필요,33,18
LOT-DEMO-0088,ETCH-05,조건부,CF4 보충 필요,38,9
LOT-DEMO-0089,ETCH-01,조건부,CF4 보충 필요,35,2
LOT-DEMO-0089,ETCH-03,조건부,CF4 보충 필요,34,16
LOT-DEMO-0089,ETCH-05,가능,Setup 필요,39,7
LOT-DEMO-0090,ETCH-01,가능,Ready,36,0
LOT-DEMO-0090,ETCH-03,조건부,CF4 보충 필요,35,19
LOT-DEMO-0090,ETCH-05,가능,Setup 필요,33,10
LOT-DEMO-0091,ETCH-01,가능,Ready,37,0
LOT-DEMO-0091,ETCH-03,가능,Setup 필요,29,17
LOT-DEMO-0091,ETCH-05,조건부,CF4 보충 필요,34,8
LOT-DEMO-0092,ETCH-01,가능,Ready,31,1
LOT-DEMO-0092,ETCH-03,가능,Setup 필요,30,20
LOT-DEMO-0092,ETCH-05,조건부,CF4 보충 필요,35,6
LOT-DEMO-0093,ETCH-01,조건부,CF4 보충 필요,32,0
LOT-DEMO-0093,ETCH-03,조건부,CF4 보충 필요,31,18
LOT-DEMO-0093,ETCH-05,가능,Setup 필요,36,9
LOT-DEMO-0094,ETCH-01,가능,Ready,33,2
LOT-DEMO-0094,ETCH-03,조건부,CF4 보충 필요,32,16
LOT-DEMO-0094,ETCH-05,가능,Setup 필요,37,7
LOT-DEMO-0095,ETCH-01,가능,Ready,34,0
LOT-DEMO-0095,ETCH-03,조건부,CF4 보충 필요,33,19
LOT-DEMO-0095,ETCH-05,조건부,CF4 보충 필요,38,10
LOT-DEMO-0096,ETCH-01,가능,Ready,35,0
LOT-DEMO-0096,ETCH-03,가능,Setup 필요,34,17
LOT-DEMO-0096,ETCH-05,조건부,CF4 보충 필요,39,8
LOT-DEMO-0097,ETCH-01,조건부,CF4 보충 필요,36,1
LOT-DEMO-0097,ETCH-03,가능,Setup 필요,35,20
LOT-DEMO-0097,ETCH-05,가능,Setup 필요,33,6
LOT-DEMO-0098,ETCH-01,가능,Ready,37,0
LOT-DEMO-0098,ETCH-03,조건부,CF4 보충 필요,29,18
LOT-DEMO-0098,ETCH-05,가능,Setup 필요,34,9
LOT-DEMO-0099,ETCH-01,가능,Ready,31,2
LOT-DEMO-0099,ETCH-03,조건부,CF4 보충 필요,30,16
LOT-DEMO-0099,ETCH-05,조건부,CF4 보충 필요,35,7
LOT-DEMO-0100,ETCH-01,가능,Ready,32,0
LOT-DEMO-0100,ETCH-03,조건부,CF4 보충 필요,31,19
LOT-DEMO-0100,ETCH-05,조건부,CF4 보충 필요,36,10
LOT-DEMO-0101,ETCH-01,조건부,CF4 보충 필요,33,0
LOT-DEMO-0101,ETCH-03,가능,Setup 필요,32,17
LOT-DEMO-0101,ETCH-05,조건부,CF4 보충 필요,37,8
LOT-DEMO-0102,ETCH-01,조건부,CF4 보충 필요,34,1
LOT-DEMO-0102,ETCH-03,가능,Setup 필요,33,20
LOT-DEMO-0102,ETCH-05,가능,Setup 필요,38,6
LOT-DEMO-0103,ETCH-01,가능,Ready,35,0
LOT-DEMO-0103,ETCH-03,조건부,CF4 보충 필요,34,18
LOT-DEMO-0103,ETCH-05,가능,Setup 필요,39,9
LOT-DEMO-0104,ETCH-01,가능,Ready,36,2
LOT-DEMO-0104,ETCH-03,조건부,CF4 보충 필요,35,16
LOT-DEMO-0104,ETCH-05,조건부,CF4 보충 필요,33,7
LOT-DEMO-0105,ETCH-01,조건부,CF4 보충 필요,37,0
LOT-DEMO-0105,ETCH-03,조건부,CF4 보충 필요,29,19
LOT-DEMO-0105,ETCH-05,가능,Setup 필요,34,10
LOT-DEMO-0106,ETCH-01,조건부,CF4 보충 필요,31,0
LOT-DEMO-0106,ETCH-03,가능,Setup 필요,30,17
LOT-DEMO-0106,ETCH-05,조건부,CF4 보충 필요,35,8
LOT-DEMO-0107,ETCH-01,가능,Ready,32,1
LOT-DEMO-0107,ETCH-03,가능,Setup 필요,31,20
LOT-DEMO-0107,ETCH-05,가능,Setup 필요,36,6
LOT-DEMO-0108,ETCH-01,가능,Ready,33,0
LOT-DEMO-0108,ETCH-03,조건부,CF4 보충 필요,32,18
LOT-DEMO-0108,ETCH-05,조건부,CF4 보충 필요,37,9
LOT-DEMO-0109,ETCH-01,조건부,CF4 보충 필요,34,2
LOT-DEMO-0109,ETCH-03,조건부,CF4 보충 필요,33,16
LOT-DEMO-0109,ETCH-05,가능,Setup 필요,38,7
LOT-DEMO-0110,ETCH-01,조건부,CF4 보충 필요,35,0
LOT-DEMO-0110,ETCH-03,조건부,CF4 보충 필요,34,19
LOT-DEMO-0110,ETCH-05,가능,Setup 필요,39,10
LOT-DEMO-0111,ETCH-01,가능,Ready,36,0
LOT-DEMO-0111,ETCH-03,가능,Setup 필요,35,17
LOT-DEMO-0111,ETCH-05,조건부,CF4 보충 필요,33,8
LOT-DEMO-0112,ETCH-01,가능,Ready,37,1
LOT-DEMO-0112,ETCH-03,가능,Setup 필요,29,20
LOT-DEMO-0112,ETCH-05,조건부,CF4 보충 필요,34,6
LOT-DEMO-0113,ETCH-01,조건부,CF4 보충 필요,31,0
LOT-DEMO-0113,ETCH-03,조건부,CF4 보충 필요,30,18
LOT-DEMO-0113,ETCH-05,조건부,CF4 보충 필요,35,9
LOT-DEMO-0114,ETCH-01,조건부,CF4 보충 필요,32,2
LOT-DEMO-0114,ETCH-03,조건부,CF4 보충 필요,31,16
LOT-DEMO-0114,ETCH-05,가능,Setup 필요,36,7
LOT-DEMO-0115,ETCH-01,가능,Ready,33,0
LOT-DEMO-0115,ETCH-03,조건부,CF4 보충 필요,32,19
LOT-DEMO-0115,ETCH-05,가능,Setup 필요,37,10
LOT-DEMO-0116,ETCH-01,가능,Ready,34,0
LOT-DEMO-0116,ETCH-03,가능,Setup 필요,33,17
LOT-DEMO-0116,ETCH-05,조건부,CF4 보충 필요,38,8
LOT-DEMO-0117,ETCH-01,조건부,CF4 보충 필요,35,1
LOT-DEMO-0117,ETCH-03,가능,Setup 필요,34,20
LOT-DEMO-0117,ETCH-05,조건부,CF4 보충 필요,39,6
LOT-DEMO-0118,ETCH-01,조건부,CF4 보충 필요,36,0
LOT-DEMO-0118,ETCH-03,조건부,CF4 보충 필요,35,18
LOT-DEMO-0118,ETCH-05,가능,Setup 필요,33,9
LOT-DEMO-0119,ETCH-01,가능,Ready,37,2
LOT-DEMO-0119,ETCH-03,조건부,CF4 보충 필요,29,16
LOT-DEMO-0119,ETCH-05,가능,Setup 필요,34,7
LOT-DEMO-0120,ETCH-01,가능,Ready,31,0
LOT-DEMO-0120,ETCH-03,조건부,CF4 보충 필요,30,19
LOT-DEMO-0120,ETCH-05,조건부,CF4 보충 필요,35,10
