lot_id,equipment_id,resource_id,resource_value,unit,resource_state,shared
LOT-24017,ETCH-01,CHAMBER-A,,,Ready,false
LOT-24017,ETCH-01,GAS-CF4,44.0,slm,Ready,true
LOT-24017,ETCH-01,GAS-N2,84.0,%,Ready,true
LOT-24017,ETCH-01,OPERATOR-L2,2.0,people,Ready,true
LOT-24017,ETCH-03,CHAMBER-B,,,Ready,false
LOT-24017,ETCH-03,GAS-CF4,44.0,slm,Ready,true
LOT-24017,ETCH-03,TOOL-KIT-7,,,Ready,true
LOT-24017,ETCH-03,OPERATOR-L2,2.0,people,Ready,true
LOT-24017,ETCH-05,CHAMBER-C,,,PM 17:00,false
LOT-24017,ETCH-05,GAS-CF4,28.0,slm,보충 필요,true
LOT-24017,ETCH-05,TOOL-KIT-7,,,Ready,true
LOT-DEMO-0002,ETCH-01,CHAMBER-A,,,Ready,false
LOT-DEMO-0002,ETCH-01,GAS-CF4,35,slm,보충 필요,true
LOT-DEMO-0002,ETCH-01,GAS-N2,84.0,%,Ready,true
LOT-DEMO-0002,ETCH-01,OPERATOR-L2,2.0,people,Ready,true
LOT-DEMO-0002,ETCH-03,CHAMBER-B,,,Ready,false
LOT-DEMO-0002,ETCH-03,GAS-CF4,44.0,slm,Ready,true
LOT-DEMO-0002,ETCH-03,TOOL-KIT-7,,,Ready,true
LOT-DEMO-0002,ETCH-03,OPERATOR-L2,2.0,people,Ready,true
LOT-DEMO-0002,ETCH-05,CHAMBER-C,,,PM 17:00,false
LOT-DEMO-0002,ETCH-05,GAS-CF4,45,slm,Ready,true
LOT-DEMO-0002,ETCH-05,TOOL-KIT-7,,,Ready,true
LOT-DEMO-0003,ETCH-01,CHAMBER-A,,,Ready,false
LOT-DEMO-0003,ETCH-01,GAS-CF4,42,slm,Ready,true
LOT-DEMO-0003,ETCH-01,GAS-N2,84.0,%,Ready,true
LOT-DEMO-0003,ETCH-01,OPERATOR-L2,2.0,people,Ready,true
LOT-DEMO-0003,ETCH-03,CHAMBER-B,,,Ready,false
LOT-DEMO-0003,ETCH-03,GAS-CF4,44.0,slm,Ready,true
LOT-DEMO-0003,ETCH-03,TOOL-KIT-7,,,Ready,true
LOT-DEMO-0003,ETCH-03,OPERATOR-L2,2.0,people,Ready,true
LOT-DEMO-0003,ETCH-05,CHAMBER-C,,,PM 17:00,false
LOT-DEMO-0003,ETCH-05,GAS-CF4,52,slm,Ready,true
LOT-DEMO-0003,ETCH-05,TOOL-KIT-7,,,Ready,true
LOT-DEMO-0004,ETCH-01,CHAMBER-A,,,Ready,false
LOT-DEMO-0004,ETCH-01,GAS-CF4,49,slm,Ready,true
LOT-DEMO-0004,ETCH-01,GAS-N2,84.0,%,Ready,true
LOT-DEMO-0004,ETCH-01,OPERATOR-L2,2.0,people,Ready,true
LOT-DEMO-0004,ETCH-03,CHAMBER-B,,,Ready,false
LOT-DEMO-0004,ETCH-03,GAS-CF4,44.0,slm,Ready,true
LOT-DEMO-0004,ETCH-03,TOOL-KIT-7,,,Ready,true
LOT-DEMO-0004,ETCH-03,OPERATOR-L2,2.0,people,Ready,true
LOT-DEMO-0004,ETCH-05,CHAMBER-C,,,PM 17:00,false
LOT-DEMO-0004,ETCH-05,GAS-CF4,30,slm,보충 필요,true
LOT-DEMO-0004,ETCH-05,TOOL-KIT-7,,,Ready,true
LOT-DEMO-0005,ETCH-01,CHAMBER-A,,,Ready,false
LOT-DEMO-0005,ETCH-01,GAS-CF4,56,slm,Ready,true
LOT-DEMO-0005,ETCH-01,GAS-N2,84.0,%,Ready,true
LOT-DEMO-0005,ETCH-01,OPERATOR-L2,2.0,people,Ready,true
LOT-DEMO-0005,ETCH-03,CHAMBER-B,,,Ready,false
LOT-DEMO-0005,ETCH-03,GAS-CF4,44.0,slm,Ready,true
LOT-DEMO-0005,ETCH-03,TOOL-KIT-7,,,Ready,true
LOT-DEMO-0005,ETCH-03,OPERATOR-L2,2.0,people,Ready,true
LOT-DEMO-0005,ETCH-05,CHAMBER-C,,,PM 17:00,false
LOT-DEMO-0005,ETCH-05,GAS-CF4,37,slm,보충 필요,true
LOT-DEMO-0005,ETCH-05,TOOL-KIT-7,,,Ready,true
LOT-DEMO-0006,ETCH-01,CHAMBER-A,,,Ready,false
LOT-DEMO-0006,ETCH-01,GAS-CF4,34,slm,보충 필요,true
LOT-DEMO-0006,ETCH-01,GAS-N2,84.0,%,Ready,true
LOT-DEMO-0006,ETCH-01,OPERATOR-L2,2.0,people,Ready,true
LOT-DEMO-0006,ETCH-03,CHAMBER-B,,,Ready,false
LOT-DEMO-0006,ETCH-03,GAS-CF4,44.0,slm,Ready,true
LOT-DEMO-0006,ETCH-03,TOOL-KIT-7,,,Ready,true
LOT-DEMO-0006,ETCH-03,OPERATOR-L2,2.0,people,Ready,true
LOT-DEMO-0006,ETCH-05,CHAMBER-C,,,PM 17:00,false
LOT-DEMO-0006,ETCH-05,GAS-CF4,44,slm,Ready,true
LOT-DEMO-0006,ETCH-05,TOOL-KIT-7,,,Ready,true
LOT-DEMO-0007,ETCH-01,CHAMBER-A,,,Ready,false
LOT-DEMO-0007,ETCH-01,GAS-CF4,41,slm,Ready,true
LOT-DEMO-0007,ETCH-01,GAS-N2,84.0,%,Ready,true
LOT-DEMO-0007,ETCH-01,OPERATOR-L2,2.0,people,Ready,true
LOT-DEMO-0007,ETCH-03,CHAMBER-B,,,Ready,false
LOT-DEMO-0007,ETCH-03,GAS-CF4,44.0,slm,Ready,true
LOT-DEMO-0007,ETCH-03,TOOL-KIT-7,,,Ready,true
LOT-DEMO-0007,ETCH-03,OPERATOR-L2,2.0,people,Ready,true
LOT-DEMO-0007,ETCH-05,CHAMBER-C,,,PM 17:00,false
LOT-DEMO-0007,ETCH-05,GAS-CF4,51,slm,Ready,true
LOT-DEMO-0007,ETCH-05,TOOL-KIT-7,,,Ready,true
LOT-DEMO-0008,ETCH-01,CHAMBER-A,,,Ready,false
LOT-DEMO-0008,ETCH-01,GAS-CF4,48,slm,Ready,true
LOT-DEMO-0008,ETCH-01,GAS-N2,84.0,%,Ready,true
LOT-DEMO-0008,ETCH-01,OPERATOR-L2,2.0,people,Ready,true
LOT-DEMO-0008,ETCH-03,CHAMBER-B,,,Ready,false
LOT-DEMO-0008,ETCH-03,GAS-CF4,44.0,slm,Ready,true
LOT-DEMO-0008,ETCH-03,TOOL-KIT-7,,,Ready,true
LOT-DEMO-0008,ETCH-03,OPERATOR-L2,2.0,people,Ready,true
LOT-DEMO-0008,ETCH-05,CHAMBER-C,,,PM 17:00,false
LOT-DEMO-0008,ETCH-05,GAS-CF4,29,slm,보충 필요,true
LOT-DEMO-0008,ETCH-05,TOOL-KIT-7,,,Ready,true
LOT-DEMO-0009,ETCH-01,CHAMBER-A,,,Ready,false
LOT-DEMO-0009,ETCH-01,GAS-CF4,55,slm,Ready,true
LOT-DEMO-0009,ETCH-01,GAS-N2,84.0,%,Ready,true
LOT-DEMO-0009,ETCH-01,OPERATOR-L2,2.0,people,Ready,true
LOT-DEMO-0009,ETCH-03,CHAMBER-B,,,Ready,false
LOT-DEMO-0009,ETCH-03,GAS-CF4,44.0,slm,Ready,true
LOT-DEMO-0009,ETCH-03,TOOL-KIT-7,,,Ready,true
LOT-DEMO-0009,ETCH-03,OPERATOR-L2,2.0,people,Ready,true
LOT-DEMO-0009,ETCH-05,CHAMBER-C,,,PM 17:00,false
LOT-DEMO-0009,ETCH-05,GAS-CF4,36,slm,보충 필요,true
LOT-DEMO-0009,ETCH-05,TOOL-KIT-7,,,Ready,true
LOT-DEMO-0010,ETCH-01,CHAMBER-A,,,Ready,false
LOT-DEMO-0010,ETCH-01,GAS-CF4,33,slm,보충 필요,true
LOT-DEMO-0010,ETCH-01,GAS-N2,84.0,%,Ready,true
LOT-DEMO-0010,ETCH-01,OPERATOR-L2,2.0,people,Ready,true
LOT-DEMO-0010,ETCH-03,CHAMBER-B,,,Ready,false
LOT-DEMO-0010,ETCH-03,GAS-CF4,44.0,slm,Ready,true
LOT-DEMO-0010,ETCH-03,TOOL-KIT-7,,,Ready,true
LOT-DEMO-0010,ETCH-03,OPERATOR-L2,2.0,people,Ready,true
LOT-DEMO-0010,ETCH-05,CHAMBER-C,,,PM 17:00,false
LOT-DEMO-0010,ETCH-05,GAS-CF4,43,slm,Ready,true
LOT-DEMO-0010,ETCH-05,TOOL-KIT-7,,,Ready,true
LOT-DEMO-0011,ETCH-01,CHAMBER-A,,,Ready,false
LOT-DEMO-0011,ETCH-01,GAS-CF4,40,slm,Ready,true
LOT-DEMO-0011,ETCH-01,GAS-N2,84.0,%,Ready,true
LOT-DEMO-0011,ETCH-01,OPERATOR-L2,2.0,people,Ready,true
LOT-DEMO-0011,ETCH-03,CHAMBER-B,,,Ready,false
LOT-DEMO-0011,ETCH-03,GAS-CF4,44.0,slm,Ready,true
LOT-DEMO-0011,ETCH-03,TOOL-KIT-7,,,Ready,true
LOT-DEMO-0011,ETCH-03,OPERATOR-L2,2.0,people,Ready,true
LOT-DEMO-0011,ETCH-05,CHAMBER-C,,,PM 17:00,false
LOT-DEMO-0011,ETCH-05,GAS-CF4,50,slm,Ready,true
LOT-DEMO-0011,ETCH-05,TOOL-KIT-7,,,Ready,true
LOT-DEMO-0012,ETCH-01,CHAMBER-A,,,Ready,false
LOT-DEMO-0012,ETCH-01,GAS-CF4,47,slm,Ready,true
LOT-DEMO-0012,ETCH-01,GAS-N2,84.0,%,Ready,true
LOT-DEMO-0012,ETCH-01,OPERATOR-L2,2.0,people,Ready,true
LOT-DEMO-0012,ETCH-03,CHAMBER-B,,,Ready,false
LOT-DEMO-0012,ETCH-03,GAS-CF4,44.0,slm,Ready,true
LOT-DEMO-0012,ETCH-03,TOOL-KIT-7,,,Ready,true
LOT-DEMO-0012,ETCH-03,OPERATOR-L2,2.0,people,Ready,true
LOT-DEMO-0012,ETCH-05,CHAMBER-C,,,PM 17:00,false
LOT-DEMO-0012,ETCH-05,GAS-CF4,28,slm,보충 필요,true
LOT-DEMO-0012,ETCH-05,TOOL-KIT-7,,,Ready,true
LOT-DEMO-0013,ETCH-01,CHAMBER-A,,,Ready,false
LOT-DEMO-0013,ETCH-01,GAS-CF4,54,slm,Ready,true
LOT-DEMO-0013,ETCH-01,GAS-N2,84.0,%,Ready,true
LOT-DEMO-0013,ETCH-01,OPERATOR-L2,2.0,people,Ready,true
LOT-DEMO-0013,ETCH-03,CHAMBER-B,,,Ready,false
LOT-DEMO-0013,ETCH-03,GAS-CF4,44.0,slm,Ready,true
LOT-DEMO-0013,ETCH-03,TOOL-KIT-7,,,Ready,true
LOT-DEMO-0013,ETCH-03,OPERATOR-L2,2.0,people,Ready,true
LOT-DEMO-0013,ETCH-05,CHAMBER-C,,,PM 17:00,false
LOT-DEMO-0013,ETCH-05,GAS-CF4,35,slm,보충 필요,true
LOT-DEMO-0013,ETCH-05,TOOL-KIT-7,,,Ready,true
LOT-DEMO-0014,ETCH-01,CHAMBER-A,,,Ready,false
LOT-DEMO-0014,ETCH-01,GAS-CF4,32,slm,보충 필요,true
LOT-DEMO-0014,ETCH-01,GAS-N2,84.0,%,Ready,true
LOT-DEMO-0014,ETCH-01,OPERATOR-L2,2.0,people,Ready,true
LOT-DEMO-0014,ETCH-03,CHAMBER-B,,,Ready,false
LOT-DEMO-0014,ETCH-03,GAS-CF4,44.0,slm,Ready,true
LOT-DEMO-0014,ETCH-03,TOOL-KIT-7,,,Ready,true
LOT-DEMO-0014,ETCH-03,OPERATOR-L2,2.0,people,Ready,true
LOT-DEMO-0014,ETCH-05,CHAMBER-C,,,PM 17:00,false
LOT-DEMO-0014,ETCH-05,GAS-CF4,42,slm,Ready,true
LOT-DEMO-0014,ETCH-05,TOOL-KIT-7,,,Ready,true
LOT-DEMO-0015,ETCH-01,CHAMBER-A,,,Ready,false
LOT-DEMO-0015,ETCH-01,GAS-CF4,39,slm,보충 필요,true
LOT-DEMO-0015,ETCH-01,GAS-N2,84.0,%,Ready,true
LOT-DEMO-0015,ETCH-01,OPERATOR-L2,2.0,people,Ready,true
LOT-DEMO-0015,ETCH-03,CHAMBER-B,,,Ready,false
LOT-DEMO-0015,ETCH-03,GAS-CF4,44.0,slm,Ready,true
LOT-DEMO-0015,ETCH-03,TOOL-KIT-7,,,Ready,true
LOT-DEMO-0015,ETCH-03,OPERATOR-L2,2.0,people,Ready,true
LOT-DEMO-0015,ETCH-05,CHAMBER-C,,,PM 17:00,false
LOT-DEMO-0015,ETCH-05,GAS-CF4,49,slm,Ready,true
LOT-DEMO-0015,ETCH-05,TOOL-KIT-7,,,Ready,true
LOT-DEMO-0016,ETCH-01,CHAMBER-A,,,Ready,false
LOT-DEMO-0016,ETCH-01,GAS-CF4,46,slm,Ready,true
LOT-DEMO-0016,ETCH-01,GAS-N2,84.0,%,Ready,true
LOT-DEMO-0016,ETCH-01,OPERATOR-L2,2.0,people,Ready,true
LOT-DEMO-0016,ETCH-03,CHAMBER-B,,,Ready,false
LOT-DEMO-0016,ETCH-03,GAS-CF4,44.0,slm,Ready,true
LOT-DEMO-0016,ETCH-03,TOOL-KIT-7,,,Ready,true
LOT-DEMO-0016,ETCH-03,OPERATOR-L2,2.0,people,Ready,true
LOT-DEMO-0016,ETCH-05,CHAMBER-C,,,PM 17:00,false
LOT-DEMO-0016,ETCH-05,GAS-CF4,56,slm,Ready,true
LOT-DEMO-0016,ETCH-05,TOOL-KIT-7,,,Ready,true
LOT-DEMO-0017,ETCH-01,CHAMBER-A,,,Ready,false
LOT-DEMO-0017,ETCH-01,GAS-CF4,53,slm,Ready,true
LOT-DEMO-0017,ETCH-01,GAS-N2,84.0,%,Ready,true
LOT-DEMO-0017,ETCH-01,OPERATOR-L2,2.0,people,Ready,true
LOT-DEMO-0017,ETCH-03,CHAMBER-B,,,Ready,false
LOT-DEMO-0017,ETCH-03,GAS-CF4,44.0,slm,Ready,true
LOT-DEMO-0017,ETCH-03,TOOL-KIT-7,,,Ready,true
LOT-DEMO-0017,ETCH-03,OPERATOR-L2,2.0,people,Ready,true
LOT-DEMO-0017,ETCH-05,CHAMBER-C,,,PM 17:00,false
LOT-DEMO-0017,ETCH-05,GAS-CF4,34,slm,보충 필요,true
LOT-DEMO-0017,ETCH-05,TOOL-KIT-7,,,Ready,true
LOT-DEMO-0018,ETCH-01,CHAMBER-A,,,Ready,false
LOT-DEMO-0018,ETCH-01,GAS-CF4,31,slm,보충 필요,true
LOT-DEMO-0018,ETCH-01,GAS-N2,84.0,%,Ready,true
LOT-DEMO-0018,ETCH-01,OPERATOR-L2,2.0,people,Ready,true
LOT-DEMO-0018,ETCH-03,CHAMBER-B,,,Ready,false
LOT-DEMO-0018,ETCH-03,GAS-CF4,44.0,slm,Ready,true
LOT-DEMO-0018,ETCH-03,TOOL-KIT-7,,,Ready,true
LOT-DEMO-0018,ETCH-03,OPERATOR-L2,2.0,people,Ready,true
LOT-DEMO-0018,ETCH-05,CHAMBER-C,,,PM 17:00,false
LOT-DEMO-0018,ETCH-05,GAS-CF4,41,slm,Ready,true
LOT-DEMO-0018,ETCH-05,TOOL-KIT-7,,,Ready,true
LOT-DEMO-0019,ETCH-01,CHAMBER-A,,,Ready,false
LOT-DEMO-0019,ETCH-01,GAS-CF4,38,slm,보충 필요,true
LOT-DEMO-0019,ETCH-01,GAS-N2,84.0,%,Ready,true
LOT-DEMO-0019,ETCH-01,OPERATOR-L2,2.0,people,Ready,true
LOT-DEMO-0019,ETCH-03,CHAMBER-B,,,Ready,false
LOT-DEMO-0019,ETCH-03,GAS-CF4,44.0,slm,Ready,true
LOT-DEMO-0019,ETCH-03,TOOL-KIT-7,,,Ready,true
LOT-DEMO-0019,ETCH-03,OPERATOR-L2,2.0,people,Ready,true
LOT-DEMO-0019,ETCH-05,CHAMBER-C,,,PM 17:00,false
LOT-DEMO-0019,ETCH-05,GAS-CF4,48,slm,Ready,true
LOT-DEMO-0019,ETCH-05,TOOL-KIT-7,,,Ready,true
LOT-DEMO-0020,ETCH-01,CHAMBER-A,,,Ready,false
LOT-DEMO-0020,ETCH-01,GAS-CF4,45,slm,Ready,true
LOT-DEMO-0020,ETCH-01,GAS-N2,84.0,%,Ready,true
LOT-DEMO-0020,ETCH-01,OPERATOR-L2,2.0,people,Ready,true
LOT-DEMO-0020,ETCH-03,CHAMBER-B,,,Ready,false
LOT-DEMO-0020,ETCH-03,GAS-CF4,44.0,slm,Ready,true
LOT-DEMO-0020,ETCH-03,TOOL-KIT-7,,,Ready,true
LOT-DEMO-0020,ETCH-03,OPERATOR-L2,2.0,people,Ready,true
LOT-DEMO-0020,ETCH-05,CHAMBER-C,,,PM 17:00,false
LOT-DEMO-0020,ETCH-05,GAS-CF4,55,slm,Ready,true
LOT-DEMO-0020,ETCH-05,TOOL-KIT-7,,,Ready,true
LOT-DEMO-0021,ETCH-01,CHAMBER-A,,,Ready,false
LOT-DEMO-0021,ETCH-01,GAS-CF4,52,slm,Ready,true
LOT-DEMO-0021,ETCH-01,GAS-N2,84.0,%,Ready,true
LOT-DEMO-0021,ETCH-01,OPERATOR-L2,2.0,people,Ready,true
LOT-DEMO-0021,ETCH-03,CHAMBER-B,,,Ready,false
LOT-DEMO-0021,ETCH-03,GAS-CF4,44.0,slm,Ready,true
LOT-DEMO-0021,ETCH-03,TOOL-KIT-7,,,Ready,true
LOT-DEMO-0021,ETCH-03,OPERATOR-L2,2.0,people,Ready,true
LOT-DEMO-0021,ETCH-05,CHAMBER-C,,,PM 17:00,false
LOT-DEMO-0021,ETCH-05,GAS-CF4,33,slm,보충 필요,true
LOT-DEMO-0021,ETCH-05,TOOL-KIT-7,,,Ready,true
LOT-DEMO-0022,ETCH-01,CHAMBER-A,,,Ready,false
LOT-DEMO-0022,ETCH-01,GAS-CF4,30,slm,보충 필요,true
LOT-DEMO-0022,ETCH-01,GAS-N2,84.0,%,Ready,true
LOT-DEMO-0022,ETCH-01,OPERATOR-L2,2.0,people,Ready,true
LOT-DEMO-0022,ETCH-03,CHAMBER-B,,,Ready,false
LOT-DEMO-0022,ETCH-03,GAS-CF4,44.0,slm,Ready,true
LOT-DEMO-0022,ETCH-03,TOOL-KIT-7,,,Ready,true
LOT-DEMO-0022,ETCH-03,OPERATOR-L2,2.0,people,Ready,true
LOT-DEMO-0022,ETCH-05,CHAMBER-C,,,PM 17:00,false
LOT-DEMO-0022,ETCH-05,GAS-CF4,40,slm,Ready,true
LOT-DEMO-0022,ETCH-05,TOOL-KIT-7,,,Ready,true
LOT-DEMO-0023,ETCH-01,CHAMBER-A,,,Ready,false
LOT-DEMO-0023,ETCH-01,GAS-CF4,37,slm,보충 필요,true
LOT-DEMO-0023,ETCH-01,GAS-N2,84.0,%,Ready,true
LOT-DEMO-0023,ETCH-01,OPERATOR-L2,2.0,people,Ready,true
LOT-DEMO-0023,ETCH-03,CHAMBER-B,,,Ready,false
LOT-DEMO-0023,ETCH-03,GAS-CF4,44.0,slm,Ready,true
LOT-DEMO-0023,ETCH-03,TOOL-KIT-7,,,Ready,true
LOT-DEMO-0023,ETCH-03,OPERATOR-L2,2.0,people,Ready,true
LOT-DEMO-0023,ETCH-05,CHAMBER-C,,,PM 17:00,false
LOT-DEMO-0023,ETCH-05,GAS-CF4,47,slm,Ready,true
LOT-DEMO-0023,ETCH-05,TOOL-KIT-7,,,Ready,true
LOT-DEMO-0024,ETCH-01,CHAMBER-A,,,Ready,false
LOT-DEMO-0024,ETCH-01,GAS-CF4,44,slm,Ready,true
LOT-DEMO-0024,ETCH-01,GAS-N2,84.0,%,Ready,true
LOT-DEMO-0024,ETCH-01,OPERATOR-L2,2.0,people,Ready,true
LOT-DEMO-0024,ETCH-03,CHAMBER-B,,,Ready,false
LOT-DEMO-0024,ETCH-03,GAS-CF4,44.0,slm,Ready,true
LOT-DEMO-0024,ETCH-03,TOOL-KIT-7,,,Ready,true
LOT-DEMO-0024,ETCH-03,OPERATOR-L2,2.0,people,Ready,true
LOT-DEMO-0024,ETCH-05,CHAMBER-C,,,PM 17:00,false
LOT-DEMO-0024,ETCH-05,GAS-CF4,54,slm,Ready,true
LOT-DEMO-0024,ETCH-05,TOOL-KIT-7,,,Ready,true
LOT-DEMO-0025,ETCH-01,CHAMBER-A,,,Ready,false
LOT-DEMO-0025,ETCH-01,GAS-CF4,51,slm,Ready,true
LOT-DEMO-0025,ETCH-01,GAS-N2,84.0,%,Ready,true
LOT-DEMO-0025,ETCH-01,OPERATOR-L2,2.0,people,Ready,true
LOT-DEMO-0025,ETCH-03,CHAMBER-B,,,Ready,false
LOT-DEMO-0025,ETCH-03,GAS-CF4,44.0,slm,Ready,true
LOT-DEMO-0025,ETCH-03,TOOL-KIT-7,,,Ready,true
LOT-DEMO-0025,ETCH-03,OPERATOR-L2,2.0,people,Ready,true
LOT-DEMO-0025,ETCH-05,CHAMBER-C,,,PM 17:00,false
LOT-DEMO-0025,ETCH-05,GAS-CF4,32,slm,보충 필요,true
LOT-DEMO-0025,ETCH-05,TOOL-KIT-7,,,Ready,true
LOT-DEMO-0026,ETCH-01,CHAMBER-A,,,Ready,false
LOT-DEMO-0026,ETCH-01,GAS-CF4,29,slm,보충 필요,true
LOT-DEMO-0026,ETCH-01,GAS-N2,84.0,%,Ready,true
LOT-DEMO-0026,ETCH-01,OPERATOR-L2,2.0,people,Ready,true
LOT-DEMO-0026,ETCH-03,CHAMBER-B,,,Ready,false
LOT-DEMO-0026,ETCH-03,GAS-CF4,44.0,slm,Ready,true
LOT-DEMO-0026,ETCH-03,TOOL-KIT-7,,,Ready,true
LOT-DEMO-0026,ETCH-03,OPERATOR-L2,2.0,people,Ready,true
LOT-DEMO-0026,ETCH-05,CHAMBER-C,,,PM 17:00,false
LOT-DEMO-0026,ETCH-05,GAS-CF4,39,slm,보충 필요,true
LOT-DEMO-0026,ETCH-05,TOOL-KIT-7,,,Ready,true
LOT-DEMO-0027,ETCH-01,CHAMBER-A,,,Ready,false
LOT-DEMO-0027,ETCH-01,GAS-CF4,36,slm,보충 필요,true
LOT-DEMO-0027,ETCH-01,GAS-N2,84.0,%,Ready,true
LOT-DEMO-0027,ETCH-01,OPERATOR-L2,2.0,people,Ready,true
LOT-DEMO-0027,ETCH-03,CHAMBER-B,,,Ready,false
LOT-DEMO-0027,ETCH-03,GAS-CF4,44.0,slm,Ready,true
LOT-DEMO-0027,ETCH-03,TOOL-KIT-7,,,Ready,true
LOT-DEMO-0027,ETCH-03,OPERATOR-L2,2.0,people,Ready,true
LOT-DEMO-0027,ETCH-05,CHAMBER-C,,,PM 17:00,false
LOT-DEMO-0027,ETCH-05,GAS-CF4,46,slm,Ready,true
LOT-DEMO-0027,ETCH-05,TOOL-KIT-7,,,Ready,true
LOT-DEMO-0028,ETCH-01,CHAMBER-A,,,Ready,false
LOT-DEMO-0028,ETCH-01,GAS-CF4,43,slm,Ready,true
LOT-DEMO-0028,ETCH-01,GAS-N2,84.0,%,Ready,true
LOT-DEMO-0028,ETCH-01,OPERATOR-L2,2.0,people,Ready,true
LOT-DEMO-0028,ETCH-03,CHAMBER-B,,,Ready,false
LOT-DEMO-0028,ETCH-03,GAS-CF4,44.0,slm,Ready,true
LOT-DEMO-0028,ETCH-03,TOOL-KIT-7,,,Ready,true
LOT-DEMO-0028,ETCH-03,OPERATOR-L2,2.0,people,Ready,true
LOT-DEMO-0028,ETCH-05,CHAMBER-C,,,PM 17:00,false
LOT-DEMO-0028,ETCH-05,GAS-CF4,53,slm,Ready,true
LOT-DEMO-0028,ETCH-05,TOOL-KIT-7,,,Ready,true
LOT-DEMO-0029,ETCH-01,CHAMBER-A,,,Ready,false
LOT-DEMO-0029,ETCH-01,GAS-CF4,50,slm,Ready,true
LOT-DEMO-0029,ETCH-01,GAS-N2,84.0,%,Ready,true
LOT-DEMO-0029,ETCH-01,OPERATOR-L2,2.0,people,Ready,true
LOT-DEMO-0029,ETCH-03,CHAMBER-B,,,Ready,false
LOT-DEMO-0029,ETCH-03,GAS-CF4,44.0,slm,Ready,true
LOT-DEMO-0029,ETCH-03,TOOL-KIT-7,,,Ready,true
LOT-DEMO-0029,ETCH-03,OPERATOR-L2,2.0,people,Ready,true
LOT-DEMO-0029,ETCH-05,CHAMBER-C,,,PM 17:00,false
LOT-DEMO-0029,ETCH-05,GAS-CF4,31,slm,보충 필요,true
LOT-DEMO-0029,ETCH-05,TOOL-KIT-7,,,Ready,true
LOT-DEMO-0030,ETCH-01,CHAMBER-A,,,Ready,false
LOT-DEMO-0030,ETCH-01,GAS-CF4,28,slm,보충 필요,true
LOT-DEMO-0030,ETCH-01,GAS-N2,84.0,%,Ready,true
LOT-DEMO-0030,ETCH-01,OPERATOR-L2,2.0,people,Ready,true
LOT-DEMO-0030,ETCH-03,CHAMBER-B,,,Ready,false
LOT-DEMO-0030,ETCH-03,GAS-CF4,44.0,slm,Ready,true
LOT-DEMO-0030,ETCH-03,TOOL-KIT-7,,,Ready,true
LOT-DEMO-0030,ETCH-03,OPERATOR-L2,2.0,people,Ready,true
LOT-DEMO-0030,ETCH-05,CHAMBER-C,,,PM 17:00,false
LOT-DEMO-0030,ETCH-05,GAS-CF4,38,slm,보충 필요,true
LOT-DEMO-0030,ETCH-05,TOOL-KIT-7,,,Ready,true
LOT-DEMO-0031,ETCH-01,CHAMBER-A,,,Ready,false
LOT-DEMO-0031,ETCH-01,GAS-CF4,35,slm,보충 필요,true
LOT-DEMO-0031,ETCH-01,GAS-N2,84.0,%,Ready,true
LOT-DEMO-0031,ETCH-01,OPERATOR-L2,2.0,people,Ready,true
LOT-DEMO-0031,ETCH-03,CHAMBER-B,,,Ready,false
LOT-DEMO-0031,ETCH-03,GAS-CF4,44.0,slm,Ready,true
LOT-DEMO-0031,ETCH-03,TOOL-KIT-7,,,Ready,true
LOT-DEMO-0031,ETCH-03,OPERATOR-L2,2.0,people,Ready,true
LOT-DEMO-0031,ETCH-05,CHAMBER-C,,,PM 17:00,false
LOT-DEMO-0031,ETCH-05,GAS-CF4,45,slm,Ready,true
LOT-DEMO-0031,ETCH-05,TOOL-KIT-7,,,Ready,true
LOT-DEMO-0032,ETCH-01,CHAMBER-A,,,Ready,false
LOT-DEMO-0032,ETCH-01,GAS-CF4,42,slm,Ready,true
LOT-DEMO-0032,ETCH-01,GAS-N2,84.0,%,Ready,true
LOT-DEMO-0032,ETCH-01,OPERATOR-L2,2.0,people,Ready,true
LOT-DEMO-0032,ETCH-03,CHAMBER-B,,,Ready,false
LOT-DEMO-0032,ETCH-03,GAS-CF4,44.0,slm,Ready,true
LOT-DEMO-0032,ETCH-03,TOOL-KIT-7,,,Ready,true
LOT-DEMO-0032,ETCH-03,OPERATOR-L2,2.0,people,Ready,true
LOT-DEMO-0032,ETCH-05,CHAMBER-C,,,PM 17:00,false
LOT-DEMO-0032,ETCH-05,GAS-CF4,52,slm,Ready,true
LOT-DEMO-0032,ETCH-05,TOOL-KIT-7,,,Ready,true
LOT-DEMO-0033,ETCH-01,CHAMBER-A,,,Ready,false
LOT-DEMO-0033,ETCH-01,GAS-CF4,49,slm,Ready,true
LOT-DEMO-0033,ETCH-01,GAS-N2,84.0,%,Ready,true
LOT-DEMO-0033,ETCH-01,OPERATOR-L2,2.0,people,Ready,true
LOT-DEMO-0033,ETCH-03,CHAMBER-B,,,Ready,false
LOT-DEMO-0033,ETCH-03,GAS-CF4,44.0,slm,Ready,true
LOT-DEMO-0033,ETCH-03,TOOL-KIT-7,,,Ready,true
LOT-DEMO-0033,ETCH-03,OPERATOR-L2,2.0,people,Ready,true
LOT-DEMO-0033,ETCH-05,CHAMBER-C,,,PM 17:00,false
LOT-DEMO-0033,ETCH-05,GAS-CF4,30,slm,보충 필요,true
LOT-DEMO-0033,ETCH-05,TOOL-KIT-7,,,Ready,true
LOT-DEMO-0034,ETCH-01,CHAMBER-A,,,Ready,false
LOT-DEMO-0034,ETCH-01,GAS-CF4,56,slm,Ready,true
LOT-DEMO-0034,ETCH-01,GAS-N2,84.0,%,Ready,true
LOT-DEMO-0034,ETCH-01,OPERATOR-L2,2.0,people,Ready,true
LOT-DEMO-0034,ETCH-03,CHAMBER-B,,,Ready,false
LOT-DEMO-0034,ETCH-03,GAS-CF4,44.0,slm,Ready,true
LOT-DEMO-0034,ETCH-03,TOOL-KIT-7,,,Ready,true
LOT-DEMO-0034,ETCH-03,OPERATOR-L2,2.0,people,Ready,true
LOT-DEMO-0034,ETCH-05,CHAMBER-C,,,PM 17:00,false
LOT-DEMO-0034,ETCH-05,GAS-CF4,37,slm,보충 필요,true
LOT-DEMO-0034,ETCH-05,TOOL-KIT-7,,,Ready,true
LOT-DEMO-0035,ETCH-01,CHAMBER-A,,,Ready,false
LOT-DEMO-0035,ETCH-01,GAS-CF4,34,slm,보충 필요,true
LOT-DEMO-0035,ETCH-01,GAS-N2,84.0,%,Ready,true
LOT-DEMO-0035,ETCH-01,OPERATOR-L2,2.0,people,Ready,true
LOT-DEMO-0035,ETCH-03,CHAMBER-B,,,Ready,false
LOT-DEMO-0035,ETCH-03,GAS-CF4,44.0,slm,Ready,true
LOT-DEMO-0035,ETCH-03,TOOL-KIT-7,,,Ready,true
LOT-DEMO-0035,ETCH-03,OPERATOR-L2,2.0,people,Ready,true
LOT-DEMO-0035,ETCH-05,CHAMBER-C,,,PM 17:00,false
LOT-DEMO-0035,ETCH-05,GAS-CF4,44,slm,Ready,true
LOT-DEMO-0035,ETCH-05,TOOL-KIT-7,,,Ready,true
LOT-DEMO-0036,ETCH-01,CHAMBER-A,,,Ready,false
LOT-DEMO-0036,ETCH-01,GAS-CF4,41,slm,Ready,true
LOT-DEMO-0036,ETCH-01,GAS-N2,84.0,%,Ready,true
LOT-DEMO-0036,ETCH-01,OPERATOR-L2,2.0,people,Ready,true
LOT-DEMO-0036,ETCH-03,CHAMBER-B,,,Ready,false
LOT-DEMO-0036,ETCH-03,GAS-CF4,44.0,slm,Ready,true
LOT-DEMO-0036,ETCH-03,TOOL-KIT-7,,,Ready,true
LOT-DEMO-0036,ETCH-03,OPERATOR-L2,2.0,people,Ready,true
LOT-DEMO-0036,ETCH-05,CHAMBER-C,,,PM 17:00,false
LOT-DEMO-0036,ETCH-05,GAS-CF4,51,slm,Ready,true
LOT-DEMO-0036,ETCH-05,TOOL-KIT-7,,,Ready,true
LOT-DEMO-0037,ETCH-01,CHAMBER-A,,,Ready,false
LOT-DEMO-0037,ETCH-01,GAS-CF4,48,slm,Ready,true
LOT-DEMO-0037,ETCH-01,GAS-N2,84.0,%,Ready,true
LOT-DEMO-0037,ETCH-01,OPERATOR-L2,2.0,people,Ready,true
LOT-DEMO-0037,ETCH-03,CHAMBER-B,,,Ready,false
LOT-DEMO-0037,ETCH-03,GAS-CF4,44.0,slm,Ready,true
LOT-DEMO-0037,ETCH-03,TOOL-KIT-7,,,Ready,true
LOT-DEMO-0037,ETCH-03,OPERATOR-L2,2.0,people,Ready,true
LOT-DEMO-0037,ETCH-05,CHAMBER-C,,,PM 17:00,false
LOT-DEMO-0037,ETCH-05,GAS-CF4,29,slm,보충 필요,true
LOT-DEMO-0037,ETCH-05,TOOL-KIT-7,,,Ready,true
LOT-DEMO-0038,ETCH-01,CHAMBER-A,,,Ready,false
LOT-DEMO-0038,ETCH-01,GAS-CF4,55,slm,Ready,true
LOT-DEMO-0038,ETCH-01,GAS-N2,84.0,%,Ready,true
LOT-DEMO-0038,ETCH-01,OPERATOR-L2,2.0,people,Ready,true
LOT-DEMO-0038,ETCH-03,CHAMBER-B,,,Ready,false
LOT-DEMO-0038,ETCH-03,GAS-CF4,44.0,slm,Ready,true
LOT-DEMO-0038,ETCH-03,TOOL-KIT-7,,,Ready,true
LOT-DEMO-0038,ETCH-03,OPERATOR-L2,2.0,people,Ready,true
LOT-DEMO-0038,ETCH-05,CHAMBER-C,,,PM 17:00,false
LOT-DEMO-0038,ETCH-05,GAS-CF4,36,slm,보충 필요,true
LOT-DEMO-0038,ETCH-05,TOOL-KIT-7,,,Ready,true
LOT-DEMO-0039,ETCH-01,CHAMBER-A,,,Ready,false
LOT-DEMO-0039,ETCH-01,GAS-CF4,33,slm,보충 필요,true
LOT-DEMO-0039,ETCH-01,GAS-N2,84.0,%,Ready,true
LOT-DEMO-0039,ETCH-01,OPERATOR-L2,2.0,people,Ready,true
LOT-DEMO-0039,ETCH-03,CHAMBER-B,,,Ready,false
LOT-DEMO-0039,ETCH-03,GAS-CF4,44.0,slm,Ready,true
LOT-DEMO-0039,ETCH-03,TOOL-KIT-7,,,Ready,true
LOT-DEMO-0039,ETCH-03,OPERATOR-L2,2.0,people,Ready,true
LOT-DEMO-0039,ETCH-05,CHAMBER-C,,,PM 17:00,false
LOT-DEMO-0039,ETCH-05,GAS-CF4,43,slm,Ready,true
LOT-DEMO-0039,ETCH-05,TOOL-KIT-7,,,Ready,true
LOT-DEMO-0040,ETCH-01,CHAMBER-A,,,Ready,false
LOT-DEMO-0040,ETCH-01,GAS-CF4,40,slm,Ready,true
LOT-DEMO-0040,ETCH-01,GAS-N2,84.0,%,Ready,true
LOT-DEMO-0040,ETCH-01,OPERATOR-L2,2.0,people,Ready,true
LOT-DEMO-0040,ETCH-03,CHAMBER-B,,,Ready,false
LOT-DEMO-0040,ETCH-03,GAS-CF4,44.0,slm,Ready,true
LOT-DEMO-0040,ETCH-03,TOOL-KIT-7,,,Ready,true
LOT-DEMO-0040,ETCH-03,OPERATOR-L2,2.0,people,Ready,true
LOT-DEMO-0040,ETCH-05,CHAMBER-C,,,PM 17:00,false
LOT-DEMO-0040,ETCH-05,GAS-CF4,50,slm,Ready,true
LOT-DEMO-0040,ETCH-05,TOOL-KIT-7,,,Ready,true
LOT-DEMO-0041,ETCH-01,CHAMBER-A,,,Ready,false
LOT-DEMO-0041,ETCH-01,GAS-CF4,47,slm,Ready,true
LOT-DEMO-0041,ETCH-01,GAS-N2,84.0,%,Ready,true
LOT-DEMO-0041,ETCH-01,OPERATOR-L2,2.0,people,Ready,true
LOT-DEMO-0041,ETCH-03,CHAMBER-B,,,Ready,false
LOT-DEMO-0041,ETCH-03,GAS-CF4,44.0,slm,Ready,true
LOT-DEMO-0041,ETCH-03,TOOL-KIT-7,,,Ready,true
LOT-DEMO-0041,ETCH-03,OPERATOR-L2,2.0,people,Ready,true
LOT-DEMO-0041,ETCH-05,CHAMBER-C,,,PM 17:00,false
LOT-DEMO-0041,ETCH-05,GAS-CF4,28,slm,보충 필요,true
LOT-DEMO-0041,ETCH-05,TOOL-KIT-7,,,Ready,true
LOT-DEMO-0042,ETCH-01,CHAMBER-A,,,Ready,false
LOT-DEMO-0042,ETCH-01,GAS-CF4,54,slm,Ready,true
LOT-DEMO-0042,ETCH-01,GAS-N2,84.0,%,Ready,true
LOT-DEMO-0042,ETCH-01,OPERATOR-L2,2.0,people,Ready,true
LOT-DEMO-0042,ETCH-03,CHAMBER-B,,,Ready,false
LOT-DEMO-0042,ETCH-03,GAS-CF4,44.0,slm,Ready,true
LOT-DEMO-0042,ETCH-03,TOOL-KIT-7,,,Ready,true
LOT-DEMO-0042,ETCH-03,OPERATOR-L2,2.0,people,Ready,true
LOT-DEMO-0042,ETCH-05,CHAMBER-C,,,PM 17:00,false
LOT-DEMO-0042,ETCH-05,GAS-CF4,35,slm,보충 필요,true
LOT-DEMO-0042,ETCH-05,TOOL-KIT-7,,,Ready,true
LOT-DEMO-0043,ETCH-01,CHAMBER-A,,,Ready,false
LOT-DEMO-0043,ETCH-01,GAS-CF4,32,slm,보충 필요,true
LOT-DEMO-0043,ETCH-01,GAS-N2,84.0,%,Ready,true
LOT-DEMO-0043,ETCH-01,OPERATOR-L2,2.0,people,Ready,true
LOT-DEMO-0043,ETCH-03,CHAMBER-B,,,Ready,false
LOT-DEMO-0043,ETCH-03,GAS-CF4,44.0,slm,Ready,true
LOT-DEMO-0043,ETCH-03,TOOL-KIT-7,,,Ready,true
LOT-DEMO-0043,ETCH-03,OPERATOR-L2,2.0,people,Ready,true
LOT-DEMO-0043,ETCH-05,CHAMBER-C,,,PM 17:00,false
LOT-DEMO-0043,ETCH-05,GAS-CF4,42,slm,Ready,true
LOT-DEMO-0043,ETCH-05,TOOL-KIT-7,,,Ready,true
LOT-DEMO-0044,ETCH-01,CHAMBER-A,,,Ready,false
LOT-DEMO-0044,ETCH-01,GAS-CF4,39,slm,보충 필요,true
LOT-DEMO-0044,ETCH-01,GAS-N2,84.0,%,Ready,true
LOT-DEMO-0044,ETCH-01,OPERATOR-L2,2.0,people,Ready,true
LOT-DEMO-0044,ETCH-03,CHAMBER-B,,,Ready,false
LOT-DEMO-0044,ETCH-03,GAS-CF4,44.0,slm,Ready,true
LOT-DEMO-0044,ETCH-03,TOOL-KIT-7,,,Ready,true
LOT-DEMO-0044,ETCH-03,OPERATOR-L2,2.0,people,Ready,true
LOT-DEMO-0044,ETCH-05,CHAMBER-C,,,PM 17:00,false
LOT-DEMO-0044,ETCH-05,GAS-CF4,49,slm,Ready,true
LOT-DEMO-0044,ETCH-05,TOOL-KIT-7,,,Ready,true
LOT-DEMO-0045,ETCH-01,CHAMBER-A,,,Ready,false
LOT-DEMO-0045,ETCH-01,GAS-CF4,46,slm,Ready,true
LOT-DEMO-0045,ETCH-01,GAS-N2,84.0,%,Ready,true
LOT-DEMO-0045,ETCH-01,OPERATOR-L2,2.0,people,Ready,true
LOT-DEMO-0045,ETCH-03,CHAMBER-B,,,Ready,false
LOT-DEMO-0045,ETCH-03,GAS-CF4,44.0,slm,Ready,true
LOT-DEMO-0045,ETCH-03,TOOL-KIT-7,,,Ready,true
LOT-DEMO-0045,ETCH-03,OPERATOR-L2,2.0,people,Ready,true
LOT-DEMO-0045,ETCH-05,CHAMBER-C,,,PM 17:00,false
LOT-DEMO-0045,ETCH-05,GAS-CF4,56,slm,Ready,true
LOT-DEMO-0045,ETCH-05,TOOL-KIT-7,,,Ready,true
LOT-DEMO-0046,ETCH-01,CHAMBER-A,,,Ready,false
LOT-DEMO-0046,ETCH-01,GAS-CF4,53,slm,Ready,true
LOT-DEMO-0046,ETCH-01,GAS-N2,84.0,%,Ready,true
LOT-DEMO-0046,ETCH-01,OPERATOR-L2,2.0,people,Ready,true
LOT-DEMO-0046,ETCH-03,CHAMBER-B,,,Ready,false
LOT-DEMO-0046,ETCH-03,GAS-CF4,44.0,slm,Ready,true
LOT-DEMO-0046,ETCH-03,TOOL-KIT-7,,,Ready,true
LOT-DEMO-0046,ETCH-03,OPERATOR-L2,2.0,people,Ready,true
LOT-DEMO-0046,ETCH-05,CHAMBER-C,,,PM 17:00,false
LOT-DEMO-0046,ETCH-05,GAS-CF4,34,slm,보충 필요,true
LOT-DEMO-0046,ETCH-05,TOOL-KIT-7,,,Ready,true
LOT-DEMO-0047,ETCH-01,CHAMBER-A,,,Ready,false
LOT-DEMO-0047,ETCH-01,GAS-CF4,31,slm,보충 필요,true
LOT-DEMO-0047,ETCH-01,GAS-N2,84.0,%,Ready,true
LOT-DEMO-0047,ETCH-01,OPERATOR-L2,2.0,people,Ready,true
LOT-DEMO-0047,ETCH-03,CHAMBER-B,,,Ready,false
LOT-DEMO-0047,ETCH-03,GAS-CF4,44.0,slm,Ready,true
LOT-DEMO-0047,ETCH-03,TOOL-KIT-7,,,Ready,true
LOT-DEMO-0047,ETCH-03,OPERATOR-L2,2.0,people,Ready,true
LOT-DEMO-0047,ETCH-05,CHAMBER-C,,,PM 17:00,false
LOT-DEMO-0047,ETCH-05,GAS-CF4,41,slm,Ready,true
LOT-DEMO-0047,ETCH-05,TOOL-KIT-7,,,Ready,true
LOT-DEMO-0048,ETCH-01,CHAMBER-A,,,Ready,false
LOT-DEMO-0048,ETCH-01,GAS-CF4,38,slm,보충 필요,true
LOT-DEMO-0048,ETCH-01,GAS-N2,84.0,%,Ready,true
LOT-DEMO-0048,ETCH-01,OPERATOR-L2,2.0,people,Ready,true
LOT-DEMO-0048,ETCH-03,CHAMBER-B,,,Ready,false
LOT-DEMO-0048,ETCH-03,GAS-CF4,44.0,slm,Ready,true
LOT-DEMO-0048,ETCH-03,TOOL-KIT-7,,,Ready,true
LOT-DEMO-0048,ETCH-03,OPERATOR-L2,2.0,people,Ready,true
LOT-DEMO-0048,ETCH-05,CHAMBER-C,,,PM 17:00,false
LOT-DEMO-0048,ETCH-05,GAS-CF4,48,slm,Ready,true
LOT-DEMO-0048,ETCH-05,TOOL-KIT-7,,,Ready,true
LOT-DEMO-0049,ETCH-01,CHAMBER-A,,,Ready,false
LOT-DEMO-0049,ETCH-01,GAS-CF4,45,slm,Ready,true
LOT-DEMO-0049,ETCH-01,GAS-N2,84.0,%,Ready,true
LOT-DEMO-0049,ETCH-01,OPERATOR-L2,2.0,people,Ready,true
LOT-DEMO-0049,ETCH-03,CHAMBER-B,,,Ready,false
LOT-DEMO-0049,ETCH-03,GAS-CF4,44.0,slm,Ready,true
LOT-DEMO-0049,ETCH-03,TOOL-KIT-7,,,Ready,true
LOT-DEMO-0049,ETCH-03,OPERATOR-L2,2.0,people,Ready,true
LOT-DEMO-0049,ETCH-05,CHAMBER-C,,,PM 17:00,false
LOT-DEMO-0049,ETCH-05,GAS-CF4,55,slm,Ready,true
LOT-DEMO-0049,ETCH-05,TOOL-KIT-7,,,Ready,true
LOT-DEMO-0050,ETCH-01,CHAMBER-A,,,Ready,false
LOT-DEMO-0050,ETCH-01,GAS-CF4,52,slm,Ready,true
LOT-DEMO-0050,ETCH-01,GAS-N2,84.0,%,Ready,true
LOT-DEMO-0050,ETCH-01,OPERATOR-L2,2.0,people,Ready,true
LOT-DEMO-0050,ETCH-03,CHAMBER-B,,,Ready,false
LOT-DEMO-0050,ETCH-03,GAS-CF4,44.0,slm,Ready,true
LOT-DEMO-0050,ETCH-03,TOOL-KIT-7,,,Ready,true
LOT-DEMO-0050,ETCH-03,OPERATOR-L2,2.0,people,Ready,true
LOT-DEMO-0050,ETCH-05,CHAMBER-C,,,PM 17:00,false
LOT-DEMO-0050,ETCH-05,GAS-CF4,33,slm,보충 필요,true
LOT-DEMO-0050,ETCH-05,TOOL-KIT-7,,,Ready,true
LOT-DEMO-0051,ETCH-01,CHAMBER-A,,,Ready,false
LOT-DEMO-0051,ETCH-01,GAS-CF4,30,slm,보충 필요,true
LOT-DEMO-0051,ETCH-01,GAS-N2,84.0,%,Ready,true
LOT-DEMO-0051,ETCH-01,OPERATOR-L2,2.0,people,Ready,true
LOT-DEMO-0051,ETCH-03,CHAMBER-B,,,Ready,false
LOT-DEMO-0051,ETCH-03,GAS-CF4,44.0,slm,Ready,true
LOT-DEMO-0051,ETCH-03,TOOL-KIT-7,,,Ready,true
LOT-DEMO-0051,ETCH-03,OPERATOR-L2,2.0,people,Ready,true
LOT-DEMO-0051,ETCH-05,CHAMBER-C,,,PM 17:00,false
LOT-DEMO-0051,ETCH-05,GAS-CF4,40,slm,Ready,true
LOT-DEMO-0051,ETCH-05,TOOL-KIT-7,,,Ready,true
LOT-DEMO-0052,ETCH-01,CHAMBER-A,,,Ready,false
LOT-DEMO-0052,ETCH-01,GAS-CF4,37,slm,보충 필요,true
LOT-DEMO-0052,ETCH-01,GAS-N2,84.0,%,Ready,true
LOT-DEMO-0052,ETCH-01,OPERATOR-L2,2.0,people,Ready,true
LOT-DEMO-0052,ETCH-03,CHAMBER-B,,,Ready,false
LOT-DEMO-0052,ETCH-03,GAS-CF4,44.0,slm,Ready,true
LOT-DEMO-0052,ETCH-03,TOOL-KIT-7,,,Ready,true
LOT-DEMO-0052,ETCH-03,OPERATOR-L2,2.0,people,Ready,true
LOT-DEMO-0052,ETCH-05,CHAMBER-C,,,PM 17:00,false
LOT-DEMO-0052,ETCH-05,GAS-CF4,47,slm,Ready,true
LOT-DEMO-0052,ETCH-05,TOOL-KIT-7,,,Ready,true
LOT-DEMO-0053,ETCH-01,CHAMBER-A,,,Ready,false
LOT-DEMO-0053,ETCH-01,GAS-CF4,44,slm,Ready,true
LOT-DEMO-0053,ETCH-01,GAS-N2,84.0,%,Ready,true
LOT-DEMO-0053,ETCH-01,OPERATOR-L2,2.0,people,Ready,true
LOT-DEMO-0053,ETCH-03,CHAMBER-B,,,Ready,false
LOT-DEMO-0053,ETCH-03,GAS-CF4,44.0,slm,Ready,true
LOT-DEMO-0053,ETCH-03,TOOL-KIT-7,,,Ready,true
LOT-DEMO-0053,ETCH-03,OPERATOR-L2,2.0,people,Ready,true
LOT-DEMO-0053,ETCH-05,CHAMBER-C,,,PM 17:00,false
LOT-DEMO-0053,ETCH-05,GAS-CF4,54,slm,Ready,true
LOT-DEMO-0053,ETCH-05,TOOL-KIT-7,,,Ready,true
LOT-DEMO-0054,ETCH-01,CHAMBER-A,,,Ready,false
LOT-DEMO-0054,ETCH-01,GAS-CF4,51,slm,Ready,true
LOT-DEMO-0054,ETCH-01,GAS-N2,84.0,%,Ready,true
LOT-DEMO-0054,ETCH-01,OPERATOR-L2,2.0,people,Ready,true
LOT-DEMO-0054,ETCH-03,CHAMBER-B,,,Ready,false
LOT-DEMO-0054,ETCH-03,GAS-CF4,44.0,slm,Ready,true
LOT-DEMO-0054,ETCH-03,TOOL-KIT-7,,,Ready,true
LOT-DEMO-0054,ETCH-03,OPERATOR-L2,2.0,people,Ready,true
LOT-DEMO-0054,ETCH-05,CHAMBER-C,,,PM 17:00,false
LOT-DEMO-0054,ETCH-05,GAS-CF4,32,slm,보충 필요,true
LOT-DEMO-0054,ETCH-05,TOOL-KIT-7,,,Ready,true
LOT-DEMO-0055,ETCH-01,CHAMBER-A,,,Ready,false
LOT-DEMO-0055,ETCH-01,GAS-CF4,29,slm,보충 필요,true
LOT-DEMO-0055,ETCH-01,GAS-N2,84.0,%,Ready,true
LOT-DEMO-0055,ETCH-01,OPERATOR-L2,2.0,people,Ready,true
LOT-DEMO-0055,ETCH-03,CHAMBER-B,,,Ready,false
LOT-DEMO-0055,ETCH-03,GAS-CF4,44.0,slm,Ready,true
LOT-DEMO-0055,ETCH-03,TOOL-KIT-7,,,Ready,true
LOT-DEMO-0055,ETCH-03,OPERATOR-L2,2.0,people,Ready,true
LOT-DEMO-0055,ETCH-05,CHAMBER-C,,,PM 17:00,false
LOT-DEMO-0055,ETCH-05,GAS-CF4,39,slm,보충 필요,true
LOT-DEMO-0055,ETCH-05,TOOL-KIT-7,,,Ready,true
LOT-DEMO-0056,ETCH-01,CHAMBER-A,,,Ready,false
LOT-DEMO-0056,ETCH-01,GAS-CF4,36,slm,보충 필요,true
LOT-DEMO-0056,ETCH-01,GAS-N2,84.0,%,Ready,true
LOT-DEMO-0056,ETCH-01,OPERATOR-L2,2.0,people,Ready,true
LOT-DEMO-0056,ETCH-03,CHAMBER-B,,,Ready,false
LOT-DEMO-0056,ETCH-03,GAS-CF4,44.0,slm,Ready,true
LOT-DEMO-0056,ETCH-03,TOOL-KIT-7,,,Ready,true
LOT-DEMO-0056,ETCH-03,OPERATOR-L2,2.0,people,Ready,true
LOT-DEMO-0056,ETCH-05,CHAMBER-C,,,PM 17:00,false
LOT-DEMO-0056,ETCH-05,GAS-CF4,46,slm,Ready,true
LOT-DEMO-0056,ETCH-05,TOOL-KIT-7,,,Ready,true
LOT-DEMO-0057,ETCH-01,CHAMBER-A,,,Ready,false
LOT-DEMO-0057,ETCH-01,GAS-CF4,43,slm,Ready,true
LOT-DEMO-0057,ETCH-01,GAS-N2,84.0,%,Ready,true
LOT-DEMO-0057,ETCH-01,OPERATOR-L2,2.0,people,Ready,true
LOT-DEMO-0057,ETCH-03,CHAMBER-B,,,Ready,false
LOT-DEMO-0057,ETCH-03,GAS-CF4,44.0,slm,Ready,true
LOT-DEMO-0057,ETCH-03,TOOL-KIT-7,,,Ready,true
LOT-DEMO-0057,ETCH-03,OPERATOR-L2,2.0,people,Ready,true
LOT-DEMO-0057,ETCH-05,CHAMBER-C,,,PM 17:00,false
LOT-DEMO-0057,ETCH-05,GAS-CF4,53,slm,Ready,true
LOT-DEMO-0057,ETCH-05,TOOL-KIT-7,,,Ready,true
LOT-DEMO-0058,ETCH-01,CHAMBER-A,,,Ready,false
LOT-DEMO-0058,ETCH-01,GAS-CF4,50,slm,Ready,true
LOT-DEMO-0058,ETCH-01,GAS-N2,84.0,%,Ready,true
LOT-DEMO-0058,ETCH-01,OPERATOR-L2,2.0,people,Ready,true
LOT-DEMO-0058,ETCH-03,CHAMBER-B,,,Ready,false
LOT-DEMO-0058,ETCH-03,GAS-CF4,44.0,slm,Ready,true
LOT-DEMO-0058,ETCH-03,TOOL-KIT-7,,,Ready,true
LOT-DEMO-0058,ETCH-03,OPERATOR-L2,2.0,people,Ready,true
LOT-DEMO-0058,ETCH-05,CHAMBER-C,,,PM 17:00,false
LOT-DEMO-0058,ETCH-05,GAS-CF4,31,slm,보충 필요,true
LOT-DEMO-0058,ETCH-05,TOOL-KIT-7,,,Ready,true
LOT-DEMO-0059,ETCH-01,CHAMBER-A,,,Ready,false
LOT-DEMO-0059,ETCH-01,GAS-CF4,28,slm,보충 필요,true
LOT-DEMO-0059,ETCH-01,GAS-N2,84.0,%,Ready,true
LOT-DEMO-0059,ETCH-01,OPERATOR-L2,2.0,people,Ready,true
LOT-DEMO-0059,ETCH-03,CHAMBER-B,,,Ready,false
LOT-DEMO-0059,ETCH-03,GAS-CF4,44.0,slm,Ready,true
LOT-DEMO-0059,ETCH-03,TOOL-KIT-7,,,Ready,true
LOT-DEMO-0059,ETCH-03,OPERATOR-L2,2.0,people,Ready,true
LOT-DEMO-0059,ETCH-05,CHAMBER-C,,,PM 17:00,false
LOT-DEMO-0059,ETCH-05,GAS-CF4,38,slm,보충 필요,true
LOT-DEMO-0059,ETCH-05,TOOL-KIT-7,,,Ready,true
LOT-DEMO-0060,ETCH-01,CHAMBER-A,,,Ready,false
LOT-DEMO-0060,ETCH-01,GAS-CF4,35,slm,보충 필요,true
LOT-DEMO-0060,ETCH-01,GAS-N2,84.0,%,Ready,true
LOT-DEMO-0060,ETCH-01,OPERATOR-L2,2.0,people,Ready,true
LOT-DEMO-0060,ETCH-03,CHAMBER-B,,,Ready,false
LOT-DEMO-0060,ETCH-03,GAS-CF4,44.0,slm,Ready,true
LOT-DEMO-0060,ETCH-03,TOOL-KIT-7,,,Ready,true
LOT-DEMO-0060,ETCH-03,OPERATOR-L2,2.0,people,Ready,true
LOT-DEMO-0060,ETCH-05,CHAMBER-C,,,PM 17:00,false
LOT-DEMO-0060,ETCH-05,GAS-CF4,45,slm,Ready,true
LOT-DEMO-0060,ETCH-05,TOOL-KIT-7,,,Ready,true
LOT-DEMO-0061,ETCH-01,CHAMBER-A,,,Ready,false
LOT-DEMO-0061,ETCH-01,GAS-CF4,42,slm,Ready,true
LOT-DEMO-0061,ETCH-01,GAS-N2,84.0,%,Ready,true
LOT-DEMO-0061,ETCH-01,OPERATOR-L2,2.0,people,Ready,true
LOT-DEMO-0061,ETCH-03,CHAMBER-B,,,Ready,false
LOT-DEMO-0061,ETCH-03,GAS-CF4,44.0,slm,Ready,true
LOT-DEMO-0061,ETCH-03,TOOL-KIT-7,,,Ready,true
LOT-DEMO-0061,ETCH-03,OPERATOR-L2,2.0,people,Ready,true
LOT-DEMO-0061,ETCH-05,CHAMBER-C,,,PM 17:00,false
LOT-DEMO-0061,ETCH-05,GAS-CF4,52,slm,Ready,true
LOT-DEMO-0061,ETCH-05,TOOL-KIT-7,,,Ready,true
LOT-DEMO-0062,ETCH-01,CHAMBER-A,,,Ready,false
LOT-DEMO-0062,ETCH-01,GAS-CF4,49,slm,Ready,true
LOT-DEMO-0062,ETCH-01,GAS-N2,84.0,%,Ready,true
LOT-DEMO-0062,ETCH-01,OPERATOR-L2,2.0,people,Ready,true
LOT-DEMO-0062,ETCH-03,CHAMBER-B,,,Ready,false
LOT-DEMO-0062,ETCH-03,GAS-CF4,44.0,slm,Ready,true
LOT-DEMO-0062,ETCH-03,TOOL-KIT-7,,,Ready,true
LOT-DEMO-0062,ETCH-03,OPERATOR-L2,2.0,people,Ready,true
LOT-DEMO-0062,ETCH-05,CHAMBER-C,,,PM 17:00,false
LOT-DEMO-0062,ETCH-05,GAS-CF4,30,slm,보충 필요,true
LOT-DEMO-0062,ETCH-05,TOOL-KIT-7,,,Ready,true
LOT-DEMO-0063,ETCH-01,CHAMBER-A,,,Ready,false
LOT-DEMO-0063,ETCH-01,GAS-CF4,56,slm,Ready,true
LOT-DEMO-0063,ETCH-01,GAS-N2,84.0,%,Ready,true
LOT-DEMO-0063,ETCH-01,OPERATOR-L2,2.0,people,Ready,true
LOT-DEMO-0063,ETCH-03,CHAMBER-B,,,Ready,false
LOT-DEMO-0063,ETCH-03,GAS-CF4,44.0,slm,Ready,true
LOT-DEMO-0063,ETCH-03,TOOL-KIT-7,,,Ready,true
LOT-DEMO-0063,ETCH-03,OPERATOR-L2,2.0,people,Ready,true
LOT-DEMO-0063,ETCH-05,CHAMBER-C,,,PM 17:00,false
LOT-DEMO-0063,ETCH-05,GAS-CF4,37,slm,보충 필요,true
LOT-DEMO-0063,ETCH-05,TOOL-KIT-7,,,Ready,true
LOT-DEMO-0064,ETCH-01,CHAMBER-A,,,Ready,false
LOT-DEMO-0064,ETCH-01,GAS-CF4,34,slm,보충 필요,true
LOT-DEMO-0064,ETCH-01,GAS-N2,84.0,%,Ready,true
LOT-DEMO-0064,ETCH-01,OPERATOR-L2,2.0,people,Ready,true
LOT-DEMO-0064,ETCH-03,CHAMBER-B,,,Ready,false
LOT-DEMO-0064,ETCH-03,GAS-CF4,44.0,slm,Ready,true
LOT-DEMO-0064,ETCH-03,TOOL-KIT-7,,,Ready,true
LOT-DEMO-0064,ETCH-03,OPERATOR-L2,2.0,people,Ready,true
LOT-DEMO-0064,ETCH-05,CHAMBER-C,,,PM 17:00,false
LOT-DEMO-0064,ETCH-05,GAS-CF4,44,slm,Ready,true
LOT-DEMO-0064,ETCH-05,TOOL-KIT-7,,,Ready,true
LOT-DEMO-0065,ETCH-01,CHAMBER-A,,,Ready,false
LOT-DEMO-0065,ETCH-01,GAS-CF4,41,slm,Ready,true
LOT-DEMO-0065,ETCH-01,GAS-N2,84.0,%,Ready,true
LOT-DEMO-0065,ETCH-01,OPERATOR-L2,2.0,people,Ready,true
LOT-DEMO-0065,ETCH-03,CHAMBER-B,,,Ready,false
LOT-DEMO-0065,ETCH-03,GAS-CF4,44.0,slm,Ready,true
LOT-DEMO-0065,ETCH-03,TOOL-KIT-7,,,Ready,true
LOT-DEMO-0065,ETCH-03,OPERATOR-L2,2.0,people,Ready,true
LOT-DEMO-0065,ETCH-05,CHAMBER-C,,,PM 17:00,false
LOT-DEMO-0065,ETCH-05,GAS-CF4,51,slm,Ready,true
LOT-DEMO-0065,ETCH-05,TOOL-KIT-7,,,Ready,true
LOT-DEMO-0066,ETCH-01,CHAMBER-A,,,Ready,false
LOT-DEMO-0066,ETCH-01,GAS-CF4,48,slm,Ready,true
LOT-DEMO-0066,ETCH-01,GAS-N2,84.0,%,Ready,true
LOT-DEMO-0066,ETCH-01,OPERATOR-L2,2.0,people,Ready,true
LOT-DEMO-0066,ETCH-03,CHAMBER-B,,,Ready,false
LOT-DEMO-0066,ETCH-03,GAS-CF4,44.0,slm,Ready,true
LOT-DEMO-0066,ETCH-03,TOOL-KIT-7,,,Ready,true
LOT-DEMO-0066,ETCH-03,OPERATOR-L2,2.0,people,Ready,true
LOT-DEMO-0066,ETCH-05,CHAMBER-C,,,PM 17:00,false
LOT-DEMO-0066,ETCH-05,GAS-CF4,29,slm,보충 필요,true
LOT-DEMO-0066,ETCH-05,TOOL-KIT-7,,,Ready,true
LOT-DEMO-0067,ETCH-01,CHAMBER-A,,,Ready,false
LOT-DEMO-0067,ETCH-01,GAS-CF4,55,slm,Ready,true
LOT-DEMO-0067,ETCH-01,GAS-N2,84.0,%,Ready,true
LOT-DEMO-0067,ETCH-01,OPERATOR-L2,2.0,people,Ready,true
LOT-DEMO-0067,ETCH-03,CHAMBER-B,,,Ready,false
LOT-DEMO-0067,ETCH-03,GAS-CF4,44.0,slm,Ready,true
LOT-DEMO-0067,ETCH-03,TOOL-KIT-7,,,Ready,true
LOT-DEMO-0067,ETCH-03,OPERATOR-L2,2.0,people,Ready,true
LOT-DEMO-0067,ETCH-05,CHAMBER-C,,,PM 17:00,false
LOT-DEMO-0067,ETCH-05,GAS-CF4,36,slm,보충 필요,true
LOT-DEMO-0067,ETCH-05,TOOL-KIT-7,,,Ready,true
LOT-DEMO-0068,ETCH-01,CHAMBER-A,,,Ready,false
LOT-DEMO-0068,ETCH-01,GAS-CF4,33,slm,보충 필요,true
LOT-DEMO-0068,ETCH-01,GAS-N2,84.0,%,Ready,true
LOT-DEMO-0068,ETCH-01,OPERATOR-L2,2.0,people,Ready,true
LOT-DEMO-0068,ETCH-03,CHAMBER-B,,,Ready,false
LOT-DEMO-0068,ETCH-03,GAS-CF4,44.0,slm,Ready,true
LOT-DEMO-0068,ETCH-03,TOOL-KIT-7,,,Ready,true
LOT-DEMO-0068,ETCH-03,OPERATOR-L2,2.0,people,Ready,true
LOT-DEMO-0068,ETCH-05,CHAMBER-C,,,PM 17:00,false
LOT-DEMO-0068,ETCH-05,GAS-CF4,43,slm,Ready,true
LOT-DEMO-0068,ETCH-05,TOOL-KIT-7,,,Ready,true
LOT-DEMO-0069,ETCH-01,CHAMBER-A,,,Ready,false
LOT-DEMO-0069,ETCH-01,GAS-CF4,40,slm,Ready,true
LOT-DEMO-0069,ETCH-01,GAS-N2,84.0,%,Ready,true
LOT-DEMO-0069,ETCH-01,OPERATOR-L2,2.0,people,Ready,true
LOT-DEMO-0069,ETCH-03,CHAMBER-B,,,Ready,false
LOT-DEMO-0069,ETCH-03,GAS-CF4,44.0,slm,Ready,true
LOT-DEMO-0069,ETCH-03,TOOL-KIT-7,,,Ready,true
LOT-DEMO-0069,ETCH-03,OPERATOR-L2,2.0,people,Ready,true
LOT-DEMO-0069,ETCH-05,CHAMBER-C,,,PM 17:00,false
LOT-DEMO-0069,ETCH-05,GAS-CF4,50,slm,Ready,true
LOT-DEMO-0069,ETCH-05,TOOL-KIT-7,,,Ready,true
LOT-DEMO-0070,ETCH-01,CHAMBER-A,,,Ready,false
LOT-DEMO-0070,ETCH-01,GAS-CF4,47,slm,Ready,true
LOT-DEMO-0070,ETCH-01,GAS-N2,84.0,%,Ready,true
LOT-DEMO-0070,ETCH-01,OPERATOR-L2,2.0,people,Ready,true
LOT-DEMO-0070,ETCH-03,CHAMBER-B,,,Ready,false
LOT-DEMO-0070,ETCH-03,GAS-CF4,44.0,slm,Ready,true
LOT-DEMO-0070,ETCH-03,TOOL-KIT-7,,,Ready,true
LOT-DEMO-0070,ETCH-03,OPERATOR-L2,2.0,people,Ready,true
LOT-DEMO-0070,ETCH-05,CHAMBER-C,,,PM 17:00,false
LOT-DEMO-0070,ETCH-05,GAS-CF4,28,slm,보충 필요,true
LOT-DEMO-0070,ETCH-05,TOOL-KIT-7,,,Ready,true
LOT-DEMO-0071,ETCH-01,CHAMBER-A,,,Ready,false
LOT-DEMO-0071,ETCH-01,GAS-CF4,54,slm,Ready,true
LOT-DEMO-0071,ETCH-01,GAS-N2,84.0,%,Ready,true
LOT-DEMO-0071,ETCH-01,OPERATOR-L2,2.0,people,Ready,true
LOT-DEMO-0071,ETCH-03,CHAMBER-B,,,Ready,false
LOT-DEMO-0071,ETCH-03,GAS-CF4,44.0,slm,Ready,true
LOT-DEMO-0071,ETCH-03,TOOL-KIT-7,,,Ready,true
LOT-DEMO-0071,ETCH-03,OPERATOR-L2,2.0,people,Ready,true
LOT-DEMO-0071,ETCH-05,CHAMBER-C,,,PM 17:00,false
LOT-DEMO-0071,ETCH-05,GAS-CF4,35,slm,보충 필요,true
LOT-DEMO-0071,ETCH-05,TOOL-KIT-7,,,Ready,true
LOT-DEMO-0072,ETCH-01,CHAMBER-A,,,Ready,false
LOT-DEMO-0072,ETCH-01,GAS-CF4,32,slm,보충 필요,true
LOT-DEMO-0072,ETCH-01,GAS-N2,84.0,%,Ready,true
LOT-DEMO-0072,ETCH-01,OPERATOR-L2,2.0,people,Ready,true
LOT-DEMO-0072,ETCH-03,CHAMBER-B,,,Ready,false
LOT-DEMO-0072,ETCH-03,GAS-CF4,44.0,slm,Ready,true
LOT-DEMO-0072,ETCH-03,TOOL-KIT-7,,,Ready,true
LOT-DEMO-0072,ETCH-03,OPERATOR-L2,2.0,people,Ready,true
LOT-DEMO-0072,ETCH-05,CHAMBER-C,,,PM 17:00,false
LOT-DEMO-0072,ETCH-05,GAS-CF4,42,slm,Ready,true
LOT-DEMO-0072,ETCH-05,TOOL-KIT-7,,,Ready,true
LOT-DEMO-0073,ETCH-01,CHAMBER-A,,,Ready,false
LOT-DEMO-0073,ETCH-01,GAS-CF4,39,slm,보충 필요,true
LOT-DEMO-0073,ETCH-01,GAS-N2,84.0,%,Ready,true
LOT-DEMO-0073,ETCH-01,OPERATOR-L2,2.0,people,Ready,true
LOT-DEMO-0073,ETCH-03,CHAMBER-B,,,Ready,false
LOT-DEMO-0073,ETCH-03,GAS-CF4,44.0,slm,Ready,true
LOT-DEMO-0073,ETCH-03,TOOL-KIT-7,,,Ready,true
LOT-DEMO-0073,ETCH-03,OPERATOR-L2,2.0,people,Ready,true
LOT-DEMO-0073,ETCH-05,CHAMBER-C,,,PM 17:00,false
LOT-DEMO-0073,ETCH-05,GAS-CF4,49,slm,Ready,true
LOT-DEMO-0073,ETCH-05,TOOL-KIT-7,,,Ready,true
LOT-DEMO-0074,ETCH-01,CHAMBER-A,,,Ready,false
LOT-DEMO-0074,ETCH-01,GAS-CF4,46,slm,Ready,true
LOT-DEMO-0074,ETCH-01,GAS-N2,84.0,%,Ready,true
LOT-DEMO-0074,ETCH-01,OPERATOR-L2,2.0,people,Ready,true
LOT-DEMO-0074,ETCH-03,CHAMBER-B,,,Ready,false
LOT-DEMO-0074,ETCH-03,GAS-CF4,44.0,slm,Ready,true
LOT-DEMO-0074,ETCH-03,TOOL-KIT-7,,,Ready,true
LOT-DEMO-0074,ETCH-03,OPERATOR-L2,2.0,people,Ready,true
LOT-DEMO-0074,ETCH-05,CHAMBER-C,,,PM 17:00,false
LOT-DEMO-0074,ETCH-05,GAS-CF4,56,slm,Ready,true
LOT-DEMO-0074,ETCH-05,TOOL-KIT-7,,,Ready,true
LOT-DEMO-0075,ETCH-01,CHAMBER-A,,,Ready,false
LOT-DEMO-0075,ETCH-01,GAS-CF4,53,slm,Ready,true
LOT-DEMO-0075,ETCH-01,GAS-N2,84.0,%,Ready,true
LOT-DEMO-0075,ETCH-01,OPERATOR-L2,2.0,people,Ready,true
LOT-DEMO-0075,ETCH-03,CHAMBER-B,,,Ready,false
LOT-DEMO-0075,ETCH-03,GAS-CF4,44.0,slm,Ready,true
LOT-DEMO-0075,ETCH-03,TOOL-KIT-7,,,Ready,true
LOT-DEMO-0075,ETCH-03,OPERATOR-L2,2.0,people,Ready,true
LOT-DEMO-0075,ETCH-05,CHAMBER-C,,,PM 17:00,false
LOT-DEMO-0075,ETCH-05,GAS-CF4,34,slm,보충 필요,true
LOT-DEMO-0075,ETCH-05,TOOL-KIT-7,,,Ready,true
LOT-DEMO-0076,ETCH-01,CHAMBER-A,,,Ready,false
LOT-DEMO-0076,ETCH-01,GAS-CF4,31,slm,보충 필요,true
LOT-DEMO-0076,ETCH-01,GAS-N2,84.0,%,Ready,true
LOT-DEMO-0076,ETCH-01,OPERATOR-L2,2.0,people,Ready,true
LOT-DEMO-0076,ETCH-03,CHAMBER-B,,,Ready,false
LOT-DEMO-0076,ETCH-03,GAS-CF4,44.0,slm,Ready,true
LOT-DEMO-0076,ETCH-03,TOOL-KIT-7,,,Ready,true
LOT-DEMO-0076,ETCH-03,OPERATOR-L2,2.0,people,Ready,true
LOT-DEMO-0076,ETCH-05,CHAMBER-C,,,PM 17:00,false
LOT-DEMO-0076,ETCH-05,GAS-CF4,41,slm,Ready,true
LOT-DEMO-0076,ETCH-05,TOOL-KIT-7,,,Ready,true
LOT-DEMO-0077,ETCH-01,CHAMBER-A,,,Ready,false
LOT-DEMO-0077,ETCH-01,GAS-CF4,38,slm,보충 필요,true
LOT-DEMO-0077,ETCH-01,GAS-N2,84.0,%,Ready,true
LOT-DEMO-0077,ETCH-01,OPERATOR-L2,2.0,people,Ready,true
LOT-DEMO-0077,ETCH-03,CHAMBER-B,,,Ready,false
LOT-DEMO-0077,ETCH-03,GAS-CF4,44.0,slm,Ready,true
LOT-DEMO-0077,ETCH-03,TOOL-KIT-7,,,Ready,true
LOT-DEMO-0077,ETCH-03,OPERATOR-L2,2.0,people,Ready,true
LOT-DEMO-0077,ETCH-05,CHAMBER-C,,,PM 17:00,false
LOT-DEMO-0077,ETCH-05,GAS-CF4,48,slm,Ready,true
LOT-DEMO-0077,ETCH-05,TOOL-KIT-7,,,Ready,true
LOT-DEMO-0078,ETCH-01,CHAMBER-A,,,Ready,false
LOT-DEMO-0078,ETCH-01,GAS-CF4,45,slm,Ready,true
LOT-DEMO-0078,ETCH-01,GAS-N2,84.0,%,Ready,true
LOT-DEMO-0078,ETCH-01,OPERATOR-L2,2.0,people,Ready,true
LOT-DEMO-0078,ETCH-03,CHAMBER-B,,,Ready,false
LOT-DEMO-0078,ETCH-03,GAS-CF4,44.0,slm,Ready,true
LOT-DEMO-0078,ETCH-03,TOOL-KIT-7,,,Ready,true
LOT-DEMO-0078,ETCH-03,OPERATOR-L2,2.0,people,Ready,true
LOT-DEMO-0078,ETCH-05,CHAMBER-C,,,PM 17:00,false
LOT-DEMO-0078,ETCH-05,GAS-CF4,55,slm,Ready,true
LOT-DEMO-0078,ETCH-05,TOOL-KIT-7,,,Ready,true
LOT-DEMO-0079,ETCH-01,CHAMBER-A,,,Ready,false
LOT-DEMO-0079,ETCH-01,GAS-CF4,52,slm,Ready,true
LOT-DEMO-0079,ETCH-01,GAS-N2,84.0,%,Ready,true
LOT-DEMO-0079,ETCH-01,OPERATOR-L2,2.0,people,Ready,true
LOT-DEMO-0079,ETCH-03,CHAMBER-B,,,Ready,false
LOT-DEMO-0079,ETCH-03,GAS-CF4,44.0,slm,Ready,true
LOT-DEMO-0079,ETCH-03,TOOL-KIT-7,,,Ready,true
LOT-DEMO-0079,ETCH-03,OPERATOR-L2,2.0,people,Ready,true
LOT-DEMO-0079,ETCH-05,CHAMBER-C,,,PM 17:00,false
LOT-DEMO-0079,ETCH-05,GAS-CF4,33,slm,보충 필요,true
LOT-DEMO-0079,ETCH-05,TOOL-KIT-7,,,Ready,true
LOT-DEMO-0080,ETCH-01,CHAMBER-A,,,Ready,false
LOT-DEMO-0080,ETCH-01,GAS-CF4,30,slm,보충 필요,true
LOT-DEMO-0080,ETCH-01,GAS-N2,84.0,%,Ready,true
LOT-DEMO-0080,ETCH-01,OPERATOR-L2,2.0,people,Ready,true
LOT-DEMO-0080,ETCH-03,CHAMBER-B,,,Ready,false
LOT-DEMO-0080,ETCH-03,GAS-CF4,44.0,slm,Ready,true
LOT-DEMO-0080,ETCH-03,TOOL-KIT-7,,,Ready,true
LOT-DEMO-0080,ETCH-03,OPERATOR-L2,2.0,people,Ready,true
LOT-DEMO-0080,ETCH-05,CHAMBER-C,,,PM 17:00,false
LOT-DEMO-0080,ETCH-05,GAS-CF4,40,slm,Ready,true
LOT-DEMO-0080,ETCH-05,TOOL-KIT-7,,,Ready,true
LOT-DEMO-0081,ETCH-01,CHAMBER-A,,,Ready,false
LOT-DEMO-0081,ETCH-01,GAS-CF4,37,slm,보충 필요,true
LOT-DEMO-0081,ETCH-01,GAS-N2,84.0,%,Ready,true
LOT-DEMO-0081,ETCH-01,OPERATOR-L2,2.0,people,Ready,true
LOT-DEMO-0081,ETCH-03,CHAMBER-B,,,Ready,false
LOT-DEMO-0081,ETCH-03,GAS-CF4,44.0,slm,Ready,true
LOT-DEMO-0081,ETCH-03,TOOL-KIT-7,,,Ready,true
LOT-DEMO-0081,ETCH-03,OPERATOR-L2,2.0,people,Ready,true
LOT-DEMO-0081,ETCH-05,CHAMBER-C,,,PM 17:00,false
LOT-DEMO-0081,ETCH-05,GAS-CF4,47,slm,Ready,true
LOT-DEMO-0081,ETCH-05,TOOL-KIT-7,,,Ready,true
LOT-DEMO-0082,ETCH-01,CHAMBER-A,,,Ready,false
LOT-DEMO-0082,ETCH-01,GAS-CF4,44,slm,Ready,true
LOT-DEMO-0082,ETCH-01,GAS-N2,84.0,%,Ready,true
LOT-DEMO-0082,ETCH-01,OPERATOR-L2,2.0,people,Ready,true
LOT-DEMO-0082,ETCH-03,CHAMBER-B,,,Ready,false
LOT-DEMO-0082,ETCH-03,GAS-CF4,44.0,slm,Ready,true
LOT-DEMO-0082,ETCH-03,TOOL-KIT-7,,,Ready,true
LOT-DEMO-0082,ETCH-03,OPERATOR-L2,2.0,people,Ready,true
LOT-DEMO-0082,ETCH-05,CHAMBER-C,,,PM 17:00,false
LOT-DEMO-0082,ETCH-05,GAS-CF4,54,slm,Ready,true
LOT-DEMO-0082,ETCH-05,TOOL-KIT-7,,,Ready,true
LOT-DEMO-0083,ETCH-01,CHAMBER-A,,,Ready,false
LOT-DEMO-0083,ETCH-01,GAS-CF4,51,slm,Ready,true
LOT-DEMO-0083,ETCH-01,GAS-N2,84.0,%,Ready,true
LOT-DEMO-0083,ETCH-01,OPERATOR-L2,2.0,people,Ready,true
LOT-DEMO-0083,ETCH-03,CHAMBER-B,,,Ready,false
LOT-DEMO-0083,ETCH-03,GAS-CF4,44.0,slm,Ready,true
LOT-DEMO-0083,ETCH-03,TOOL-KIT-7,,,Ready,true
LOT-DEMO-0083,ETCH-03,OPERATOR-L2,2.0,people,Ready,true
LOT-DEMO-0083,ETCH-05,CHAMBER-C,,,PM 17:00,false
LOT-DEMO-0083,ETCH-05,GAS-CF4,32,slm,보충 필요,true
LOT-DEMO-0083,ETCH-05,TOOL-KIT-7,,,Ready,true
LOT-DEMO-0084,ETCH-01,CHAMBER-A,,,Ready,false
LOT-DEMO-0084,ETCH-01,GAS-CF4,29,slm,보충 필요,true
LOT-DEMO-0084,ETCH-01,GAS-N2,84.0,%,Ready,true
LOT-DEMO-0084,ETCH-01,OPERATOR-L2,2.0,people,Ready,true
LOT-DEMO-0084,ETCH-03,CHAMBER-B,,,Ready,false
LOT-DEMO-0084,ETCH-03,GAS-CF4,44.0,slm,Ready,true
LOT-DEMO-0084,ETCH-03,TOOL-KIT-7,,,Ready,true
LOT-DEMO-0084,ETCH-03,OPERATOR-L2,2.0,people,Ready,true
LOT-DEMO-0084,ETCH-05,CHAMBER-C,,,PM 17:00,false
LOT-DEMO-0084,ETCH-05,GAS-CF4,39,slm,보충 필요,true
LOT-DEMO-0084,ETCH-05,TOOL-KIT-7,,,Ready,true
LOT-DEMO-0085,ETCH-01,CHAMBER-A,,,Ready,false
LOT-DEMO-0085,ETCH-01,GAS-CF4,36,slm,보충 필요,true
LOT-DEMO-0085,ETCH-01,GAS-N2,84.0,%,Ready,true
LOT-DEMO-0085,ETCH-01,OPERATOR-L2,2.0,people,Ready,true
LOT-DEMO-0085,ETCH-03,CHAMBER-B,,,Ready,false
LOT-DEMO-0085,ETCH-03,GAS-CF4,44.0,slm,Ready,true
LOT-DEMO-0085,ETCH-03,TOOL-KIT-7,,,Ready,true
LOT-DEMO-0085,ETCH-03,OPERATOR-L2,2.0,people,Ready,true
LOT-DEMO-0085,ETCH-05,CHAMBER-C,,,PM 17:00,false
LOT-DEMO-0085,ETCH-05,GAS-CF4,46,slm,Ready,true
LOT-DEMO-0085,ETCH-05,TOOL-KIT-7,,,Ready,true
LOT-DEMO-0086,ETCH-01,CHAMBER-A,,,Ready,false
LOT-DEMO-0086,ETCH-01,GAS-CF4,43,slm,Ready,true
LOT-DEMO-0086,ETCH-01,GAS-N2,84.0,%,Ready,true
LOT-DEMO-0086,ETCH-01,OPERATOR-L2,2.0,people,Ready,true
LOT-DEMO-0086,ETCH-03,CHAMBER-B,,,Ready,false
LOT-DEMO-0086,ETCH-03,GAS-CF4,44.0,slm,Ready,true
LOT-DEMO-0086,ETCH-03,TOOL-KIT-7,,,Ready,true
LOT-DEMO-0086,ETCH-03,OPERATOR-L2,2.0,people,Ready,true
LOT-DEMO-0086,ETCH-05,CHAMBER-C,,,PM 17:00,false
LOT-DEMO-0086,ETCH-05,GAS-CF4,53,slm,Ready,true
LOT-DEMO-0086,ETCH-05,TOOL-KIT-7,,,Ready,true
LOT-DEMO-0087,ETCH-01,CHAMBER-A,,,Ready,false
LOT-DEMO-0087,ETCH-01,GAS-CF4,50,slm,Ready,true
LOT-DEMO-0087,ETCH-01,GAS-N2,84.0,%,Ready,true
LOT-DEMO-0087,ETCH-01,OPERATOR-L2,2.0,people,Ready,true
LOT-DEMO-0087,ETCH-03,CHAMBER-B,,,Ready,false
LOT-DEMO-0087,ETCH-03,GAS-CF4,44.0,slm,Ready,true
LOT-DEMO-0087,ETCH-03,TOOL-KIT-7,,,Ready,true
LOT-DEMO-0087,ETCH-03,OPERATOR-L2,2.0,people,Ready,true
LOT-DEMO-0087,ETCH-05,CHAMBER-C,,,PM 17:00,false
LOT-DEMO-0087,ETCH-05,GAS-CF4,31,slm,보충 필요,true
LOT-DEMO-0087,ETCH-05,TOOL-KIT-7,,,Ready,true
LOT-DEMO-0088,ETCH-01,CHAMBER-A,,,Ready,false
LOT-DEMO-0088,ETCH-01,GAS-CF4,28,slm,보충 필요,true
LOT-DEMO-0088,ETCH-01,GAS-N2,84.0,%,Ready,true
LOT-DEMO-0088,ETCH-01,OPERATOR-L2,2.0,people,Ready,true
LOT-DEMO-0088,ETCH-03,CHAMBER-B,,,Ready,false
LOT-DEMO-0088,ETCH-03,GAS-CF4,44.0,slm,Ready,true
LOT-DEMO-0088,ETCH-03,TOOL-KIT-7,,,Ready,true
LOT-DEMO-0088,ETCH-03,OPERATOR-L2,2.0,people,Ready,true
LOT-DEMO-0088,ETCH-05,CHAMBER-C,,,PM 17:00,false
LOT-DEMO-0088,ETCH-05,GAS-CF4,38,slm,보충 필요,true
LOT-DEMO-0088,ETCH-05,TOOL-KIT-7,,,Ready,true
LOT-DEMO-0089,ETCH-01,CHAMBER-A,,,Ready,false
LOT-DEMO-0089,ETCH-01,GAS-CF4,35,slm,보충 필요,true
LOT-DEMO-0089,ETCH-01,GAS-N2,84.0,%,Ready,true
LOT-DEMO-0089,ETCH-01,OPERATOR-L2,2.0,people,Ready,true
LOT-DEMO-0089,ETCH-03,CHAMBER-B,,,Ready,false
LOT-DEMO-0089,ETCH-03,GAS-CF4,44.0,slm,Ready,true
LOT-DEMO-0089,ETCH-03,TOOL-KIT-7,,,Ready,true
LOT-DEMO-0089,ETCH-03,OPERATOR-L2,2.0,people,Ready,true
LOT-DEMO-0089,ETCH-05,CHAMBER-C,,,PM 17:00,false
LOT-DEMO-0089,ETCH-05,GAS-CF4,45,slm,Ready,true
LOT-DEMO-0089,ETCH-05,TOOL-KIT-7,,,Ready,true
LOT-DEMO-0090,ETCH-01,CHAMBER-A,,,Ready,false
LOT-DEMO-0090,ETCH-01,GAS-CF4,42,slm,Ready,true
LOT-DEMO-0090,ETCH-01,GAS-N2,84.0,%,Ready,true
LOT-DEMO-0090,ETCH-01,OPERATOR-L2,2.0,people,Ready,true
LOT-DEMO-0090,ETCH-03,CHAMBER-B,,,Ready,false
LOT-DEMO-0090,ETCH-03,GAS-CF4,44.0,slm,Ready,true
LOT-DEMO-0090,ETCH-03,TOOL-KIT-7,,,Ready,true
LOT-DEMO-0090,ETCH-03,OPERATOR-L2,2.0,people,Ready,true
LOT-DEMO-0090,ETCH-05,CHAMBER-C,,,PM 17:00,false
LOT-DEMO-0090,ETCH-05,GAS-CF4,52,slm,Ready,true
LOT-DEMO-0090,ETCH-05,TOOL-KIT-7,,,Ready,true
LOT-DEMO-0091,ETCH-01,CHAMBER-A,,,Ready,false
LOT-DEMO-0091,ETCH-01,GAS-CF4,49,slm,Ready,true
LOT-DEMO-0091,ETCH-01,GAS-N2,84.0,%,Ready,true
LOT-DEMO-0091,ETCH-01,OPERATOR-L2,2.0,people,Ready,true
LOT-DEMO-0091,ETCH-03,CHAMBER-B,,,Ready,false
LOT-DEMO-0091,ETCH-03,GAS-CF4,44.0,slm,Ready,true
LOT-DEMO-0091,ETCH-03,TOOL-KIT-7,,,Ready,true
LOT-DEMO-0091,ETCH-03,OPERATOR-L2,2.0,people,Ready,true
LOT-DEMO-0091,ETCH-05,CHAMBER-C,,,PM 17:00,false
LOT-DEMO-0091,ETCH-05,GAS-CF4,30,slm,보충 필요,true
LOT-DEMO-0091,ETCH-05,TOOL-KIT-7,,,Ready,true
LOT-DEMO-0092,ETCH-01,CHAMBER-A,,,Ready,false
LOT-DEMO-0092,ETCH-01,GAS-CF4,56,slm,Ready,true
LOT-DEMO-0092,ETCH-01,GAS-N2,84.0,%,Ready,true
LOT-DEMO-0092,ETCH-01,OPERATOR-L2,2.0,people,Ready,true
LOT-DEMO-0092,ETCH-03,CHAMBER-B,,,Ready,false
LOT-DEMO-0092,ETCH-03,GAS-CF4,44.0,slm,Ready,true
LOT-DEMO-0092,ETCH-03,TOOL-KIT-7,,,Ready,true
LOT-DEMO-0092,ETCH-03,OPERATOR-L2,2.0,people,Ready,true
LOT-DEMO-0092,ETCH-05,CHAMBER-C,,,PM 17:00,false
LOT-DEMO-0092,ETCH-05,GAS-CF4,37,slm,보충 필요,true
LOT-DEMO-0092,ETCH-05,TOOL-KIT-7,,,Ready,true
LOT-DEMO-0093,ETCH-01,CHAMBER-A,,,Ready,false
LOT-DEMO-0093,ETCH-01,GAS-CF4,34,slm,보충 필요,true
LOT-DEMO-0093,ETCH-01,GAS-N2,84.0,%,Ready,true
LOT-DEMO-0093,ETCH-01,OPERATOR-L2,2.0,people,Ready,true
LOT-DEMO-0093,ETCH-03,CHAMBER-B,,,Ready,false
LOT-DEMO-0093,ETCH-03,GAS-CF4,44.0,slm,Ready,true
LOT-DEMO-0093,ETCH-03,TOOL-KIT-7,,,Ready,true
LOT-DEMO-0093,ETCH-03,OPERATOR-L2,2.0,people,Ready,true
LOT-DEMO-0093,ETCH-05,CHAMBER-C,,,PM 17:00,false
LOT-DEMO-0093,ETCH-05,GAS-CF4,44,slm,Ready,true
LOT-DEMO-0093,ETCH-05,TOOL-KIT-7,,,Ready,true
LOT-DEMO-0094,ETCH-01,CHAMBER-A,,,Ready,false
LOT-DEMO-0094,ETCH-01,GAS-CF4,41,slm,Ready,true
LOT-DEMO-0094,ETCH-01,GAS-N2,84.0,%,Ready,true
LOT-DEMO-0094,ETCH-01,OPERATOR-L2,2.0,people,Ready,true
LOT-DEMO-0094,ETCH-03,CHAMBER-B,,,Ready,false
LOT-DEMO-0094,ETCH-03,GAS-CF4,44.0,slm,Ready,true
LOT-DEMO-0094,ETCH-03,TOOL-KIT-7,,,Ready,true
LOT-DEMO-0094,ETCH-03,OPERATOR-L2,2.0,people,Ready,true
LOT-DEMO-0094,ETCH-05,CHAMBER-C,,,PM 17:00,false
LOT-DEMO-0094,ETCH-05,GAS-CF4,51,slm,Ready,true
LOT-DEMO-0094,ETCH-05,TOOL-KIT-7,,,Ready,true
LOT-DEMO-0095,ETCH-01,CHAMBER-A,,,Ready,false
LOT-DEMO-0095,ETCH-01,GAS-CF4,48,slm,Ready,true
LOT-DEMO-0095,ETCH-01,GAS-N2,84.0,%,Ready,true
LOT-DEMO-0095,ETCH-01,OPERATOR-L2,2.0,people,Ready,true
LOT-DEMO-0095,ETCH-03,CHAMBER-B,,,Ready,false
LOT-DEMO-0095,ETCH-03,GAS-CF4,44.0,slm,Ready,true
LOT-DEMO-0095,ETCH-03,TOOL-KIT-7,,,Ready,true
LOT-DEMO-0095,ETCH-03,OPERATOR-L2,2.0,people,Ready,true
LOT-DEMO-0095,ETCH-05,CHAMBER-C,,,PM 17:00,false
LOT-DEMO-0095,ETCH-05,GAS-CF4,29,slm,보충 필요,true
LOT-DEMO-0095,ETCH-05,TOOL-KIT-7,,,Ready,true
LOT-DEMO-0096,ETCH-01,CHAMBER-A,,,Ready,false
LOT-DEMO-0096,ETCH-01,GAS-CF4,55,slm,Ready,true
LOT-DEMO-0096,ETCH-01,GAS-N2,84.0,%,Ready,true
LOT-DEMO-0096,ETCH-01,OPERATOR-L2,2.0,people,Ready,true
LOT-DEMO-0096,ETCH-03,CHAMBER-B,,,Ready,false
LOT-DEMO-0096,ETCH-03,GAS-CF4,44.0,slm,Ready,true
LOT-DEMO-0096,ETCH-03,TOOL-KIT-7,,,Ready,true
LOT-DEMO-0096,ETCH-03,OPERATOR-L2,2.0,people,Ready,true
LOT-DEMO-0096,ETCH-05,CHAMBER-C,,,PM 17:00,false
LOT-DEMO-0096,ETCH-05,GAS-CF4,36,slm,보충 필요,true
LOT-DEMO-0096,ETCH-05,TOOL-KIT-7,,,Ready,true
LOT-DEMO-0097,ETCH-01,CHAMBER-A,,,Ready,false
LOT-DEMO-0097,ETCH-01,GAS-CF4,33,slm,보충 필요,true
LOT-DEMO-0097,ETCH-01,GAS-N2,84.0,%,Ready,true
LOT-DEMO-0097,ETCH-01,OPERATOR-L2,2.0,people,Ready,true
LOT-DEMO-0097,ETCH-03,CHAMBER-B,,,Ready,false
LOT-DEMO-0097,ETCH-03,GAS-CF4,44.0,slm,Ready,true
LOT-DEMO-0097,ETCH-03,TOOL-KIT-7,,,Ready,true
LOT-DEMO-0097,ETCH-03,OPERATOR-L2,2.0,people,Ready,true
LOT-DEMO-0097,ETCH-05,CHAMBER-C,,,PM 17:00,false
LOT-DEMO-0097,ETCH-05,GAS-CF4,43,slm,Ready,true
LOT-DEMO-0097,ETCH-05,TOOL-KIT-7,,,Ready,true
LOT-DEMO-0098,ETCH-01,CHAMBER-A,,,Ready,false
LOT-DEMO-0098,ETCH-01,GAS-CF4,40,slm,Ready,true
LOT-DEMO-0098,ETCH-01,GAS-N2,84.0,%,Ready,true
LOT-DEMO-0098,ETCH-01,OPERATOR-L2,2.0,people,Ready,true
LOT-DEMO-0098,ETCH-03,CHAMBER-B,,,Ready,false
LOT-DEMO-0098,ETCH-03,GAS-CF4,44.0,slm,Ready,true
LOT-DEMO-0098,ETCH-03,TOOL-KIT-7,,,Ready,true
LOT-DEMO-0098,ETCH-03,OPERATOR-L2,2.0,people,Ready,true
LOT-DEMO-0098,ETCH-05,CHAMBER-C,,,PM 17:00,false
LOT-DEMO-0098,ETCH-05,GAS-CF4,50,slm,Ready,true
LOT-DEMO-0098,ETCH-05,TOOL-KIT-7,,,Ready,true
LOT-DEMO-0099,ETCH-01,CHAMBER-A,,,Ready,false
LOT-DEMO-0099,ETCH-01,GAS-CF4,47,slm,Ready,true
LOT-DEMO-0099,ETCH-01,GAS-N2,84.0,%,Ready,true
LOT-DEMO-0099,ETCH-01,OPERATOR-L2,2.0,people,Ready,true
LOT-DEMO-0099,ETCH-03,CHAMBER-B,,,Ready,false
LOT-DEMO-0099,ETCH-03,GAS-CF4,44.0,slm,Ready,true
LOT-DEMO-0099,ETCH-03,TOOL-KIT-7,,,Ready,true
LOT-DEMO-0099,ETCH-03,OPERATOR-L2,2.0,people,Ready,true
LOT-DEMO-0099,ETCH-05,CHAMBER-C,,,PM 17:00,false
LOT-DEMO-0099,ETCH-05,GAS-CF4,28,slm,보충 필요,true
LOT-DEMO-0099,ETCH-05,TOOL-KIT-7,,,Ready,true
LOT-DEMO-0100,ETCH-01,CHAMBER-A,,,Ready,false
LOT-DEMO-0100,ETCH-01,GAS-CF4,54,slm,Ready,true
LOT-DEMO-0100,ETCH-01,GAS-N2,84.0,%,Ready,true
LOT-DEMO-0100,ETCH-01,OPERATOR-L2,2.0,people,Ready,true
LOT-DEMO-0100,ETCH-03,CHAMBER-B,,,Ready,false
LOT-DEMO-0100,ETCH-03,GAS-CF4,44.0,slm,Ready,true
LOT-DEMO-0100,ETCH-03,TOOL-KIT-7,,,Ready,true
LOT-DEMO-0100,ETCH-03,OPERATOR-L2,2.0,people,Ready,true
LOT-DEMO-0100,ETCH-05,CHAMBER-C,,,PM 17:00,false
LOT-DEMO-0100,ETCH-05,GAS-CF4,35,slm,보충 필요,true
LOT-DEMO-0100,ETCH-05,TOOL-KIT-7,,,Ready,true
LOT-DEMO-0101,ETCH-01,CHAMBER-A,,,Ready,false
LOT-DEMO-0101,ETCH-01,GAS-CF4,32,slm,보충 필요,true
LOT-DEMO-0101,ETCH-01,GAS-N2,84.0,%,Ready,true
LOT-DEMO-0101,ETCH-01,OPERATOR-L2,2.0,people,Ready,true
LOT-DEMO-0101,ETCH-03,CHAMBER-B,,,Ready,false
LOT-DEMO-0101,ETCH-03,GAS-CF4,44.0,slm,Ready,true
LOT-DEMO-0101,ETCH-03,TOOL-KIT-7,,,Ready,true
LOT-DEMO-0101,ETCH-03,OPERATOR-L2,2.0,people,Ready,true
LOT-DEMO-0101,ETCH-05,CHAMBER-C,,,PM 17:00,false
LOT-DEMO-0101,ETCH-05,GAS-CF4,42,slm,Ready,true
LOT-DEMO-0101,ETCH-05,TOOL-KIT-7,,,Ready,true
LOT-DEMO-0102,ETCH-01,CHAMBER-A,,,Ready,false
LOT-DEMO-0102,ETCH-01,GAS-CF4,39,slm,보충 필요,true
LOT-DEMO-0102,ETCH-01,GAS-N2,84.0,%,Ready,true
LOT-DEMO-0102,ETCH-01,OPERATOR-L2,2.0,people,Ready,true
LOT-DEMO-0102,ETCH-03,CHAMBER-B,,,Ready,false
LOT-DEMO-0102,ETCH-03,GAS-CF4,44.0,slm,Ready,true
LOT-DEMO-0102,ETCH-03,TOOL-KIT-7,,,Ready,true
LOT-DEMO-0102,ETCH-03,OPERATOR-L2,2.0,people,Ready,true
LOT-DEMO-0102,ETCH-05,CHAMBER-C,,,PM 17:00,false
LOT-DEMO-0102,ETCH-05,GAS-CF4,49,slm,Ready,true
LOT-DEMO-0102,ETCH-05,TOOL-KIT-7,,,Ready,true
LOT-DEMO-0103,ETCH-01,CHAMBER-A,,,Ready,false
LOT-DEMO-0103,ETCH-01,GAS-CF4,46,slm,Ready,true
LOT-DEMO-0103,ETCH-01,GAS-N2,84.0,%,Ready,true
LOT-DEMO-0103,ETCH-01,OPERATOR-L2,2.0,people,Ready,true
LOT-DEMO-0103,ETCH-03,CHAMBER-B,,,Ready,false
LOT-DEMO-0103,ETCH-03,GAS-CF4,44.0,slm,Ready,true
LOT-DEMO-0103,ETCH-03,TOOL-KIT-7,,,Ready,true
LOT-DEMO-0103,ETCH-03,OPERATOR-L2,2.0,people,Ready,true
LOT-DEMO-0103,ETCH-05,CHAMBER-C,,,PM 17:00,false
LOT-DEMO-0103,ETCH-05,GAS-CF4,56,slm,Ready,true
LOT-DEMO-0103,ETCH-05,TOOL-KIT-7,,,Ready,true
LOT-DEMO-0104,ETCH-01,CHAMBER-A,,,Ready,false
LOT-DEMO-0104,ETCH-01,GAS-CF4,53,slm,Ready,true
LOT-DEMO-0104,ETCH-01,GAS-N2,84.0,%,Ready,true
LOT-DEMO-0104,ETCH-01,OPERATOR-L2,2.0,people,Ready,true
LOT-DEMO-0104,ETCH-03,CHAMBER-B,,,Ready,false
LOT-DEMO-0104,ETCH-03,GAS-CF4,44.0,slm,Ready,true
LOT-DEMO-0104,ETCH-03,TOOL-KIT-7,,,Ready,true
LOT-DEMO-0104,ETCH-03,OPERATOR-L2,2.0,people,Ready,true
LOT-DEMO-0104,ETCH-05,CHAMBER-C,,,PM 17:00,false
LOT-DEMO-0104,ETCH-05,GAS-CF4,34,slm,보충 필요,true
LOT-DEMO-0104,ETCH-05,TOOL-KIT-7,,,Ready,true
LOT-DEMO-0105,ETCH-01,CHAMBER-A,,,Ready,false
LOT-DEMO-0105,ETCH-01,GAS-CF4,31,slm,보충 필요,true
LOT-DEMO-0105,ETCH-01,GAS-N2,84.0,%,Ready,true
LOT-DEMO-0105,ETCH-01,OPERATOR-L2,2.0,people,Ready,true
LOT-DEMO-0105,ETCH-03,CHAMBER-B,,,Ready,false
LOT-DEMO-0105,ETCH-03,GAS-CF4,44.0,slm,Ready,true
LOT-DEMO-0105,ETCH-03,TOOL-KIT-7,,,Ready,true
LOT-DEMO-0105,ETCH-03,OPERATOR-L2,2.0,people,Ready,true
LOT-DEMO-0105,ETCH-05,CHAMBER-C,,,PM 17:00,false
LOT-DEMO-0105,ETCH-05,GAS-CF4,41,slm,Ready,true
LOT-DEMO-0105,ETCH-05,TOOL-KIT-7,,,Ready,true
LOT-DEMO-0106,ETCH-01,CHAMBER-A,,,Ready,false
LOT-DEMO-0106,ETCH-01,GAS-CF4,38,slm,보충 필요,true
LOT-DEMO-0106,ETCH-01,GAS-N2,84.0,%,Ready,true
LOT-DEMO-0106,ETCH-01,OPERATOR-L2,2.0,people,Ready,true
LOT-DEMO-0106,ETCH-03,CHAMBER-B,,,Ready,false
LOT-DEMO-0106,ETCH-03,GAS-CF4,44.0,slm,Ready,true
LOT-DEMO-0106,ETCH-03,TOOL-KIT-7,,,Ready,true
LOT-DEMO-0106,ETCH-03,OPERATOR-L2,2.0,people,Ready,true
LOT-DEMO-0106,ETCH-05,CHAMBER-C,,,PM 17:00,false
LOT-DEMO-0106,ETCH-05,GAS-CF4,48,slm,Ready,true
LOT-DEMO-0106,ETCH-05,TOOL-KIT-7,,,Ready,true
LOT-DEMO-0107,ETCH-01,CHAMBER-A,,,Ready,false
LOT-DEMO-0107,ETCH-01,GAS-CF4,45,slm,Ready,true
LOT-DEMO-0107,ETCH-01,GAS-N2,84.0,%,Ready,true
LOT-DEMO-0107,ETCH-01,OPERATOR-L2,2.0,people,Ready,true
LOT-DEMO-0107,ETCH-03,CHAMBER-B,,,Ready,false
LOT-DEMO-0107,ETCH-03,GAS-CF4,44.0,slm,Ready,true
LOT-DEMO-0107,ETCH-03,TOOL-KIT-7,,,Ready,true
LOT-DEMO-0107,ETCH-03,OPERATOR-L2,2.0,people,Ready,true
LOT-DEMO-0107,ETCH-05,CHAMBER-C,,,PM 17:00,false
LOT-DEMO-0107,ETCH-05,GAS-CF4,55,slm,Ready,true
LOT-DEMO-0107,ETCH-05,TOOL-KIT-7,,,Ready,true
LOT-DEMO-0108,ETCH-01,CHAMBER-A,,,Ready,false
LOT-DEMO-0108,ETCH-01,GAS-CF4,52,slm,Ready,true
LOT-DEMO-0108,ETCH-01,GAS-N2,84.0,%,Ready,true
LOT-DEMO-0108,ETCH-01,OPERATOR-L2,2.0,people,Ready,true
LOT-DEMO-0108,ETCH-03,CHAMBER-B,,,Ready,false
LOT-DEMO-0108,ETCH-03,GAS-CF4,44.0,slm,Ready,true
LOT-DEMO-0108,ETCH-03,TOOL-KIT-7,,,Ready,true
LOT-DEMO-0108,ETCH-03,OPERATOR-L2,2.0,people,Ready,true
LOT-DEMO-0108,ETCH-05,CHAMBER-C,,,PM 17:00,false
LOT-DEMO-0108,ETCH-05,GAS-CF4,33,slm,보충 필요,true
LOT-DEMO-0108,ETCH-05,TOOL-KIT-7,,,Ready,true
LOT-DEMO-0109,ETCH-01,CHAMBER-A,,,Ready,false
LOT-DEMO-0109,ETCH-01,GAS-CF4,30,slm,보충 필요,true
LOT-DEMO-0109,ETCH-01,GAS-N2,84.0,%,Ready,true
LOT-DEMO-0109,ETCH-01,OPERATOR-L2,2.0,people,Ready,true
LOT-DEMO-0109,ETCH-03,CHAMBER-B,,,Ready,false
LOT-DEMO-0109,ETCH-03,GAS-CF4,44.0,slm,Ready,true
LOT-DEMO-0109,ETCH-03,TOOL-KIT-7,,,Ready,true
LOT-DEMO-0109,ETCH-03,OPERATOR-L2,2.0,people,Ready,true
LOT-DEMO-0109,ETCH-05,CHAMBER-C,,,PM 17:00,false
LOT-DEMO-0109,ETCH-05,GAS-CF4,40,slm,Ready,true
LOT-DEMO-0109,ETCH-05,TOOL-KIT-7,,,Ready,true
LOT-DEMO-0110,ETCH-01,CHAMBER-A,,,Ready,false
LOT-DEMO-0110,ETCH-01,GAS-CF4,37,slm,보충 필요,true
LOT-DEMO-0110,ETCH-01,GAS-N2,84.0,%,Ready,true
LOT-DEMO-0110,ETCH-01,OPERATOR-L2,2.0,people,Ready,true
LOT-DEMO-0110,ETCH-03,CHAMBER-B,,,Ready,false
LOT-DEMO-0110,ETCH-03,GAS-CF4,44.0,slm,Ready,true
LOT-DEMO-0110,ETCH-03,TOOL-KIT-7,,,Ready,true
LOT-DEMO-0110,ETCH-03,OPERATOR-L2,2.0,people,Ready,true
LOT-DEMO-0110,ETCH-05,CHAMBER-C,,,PM 17:00,false
LOT-DEMO-0110,ETCH-05,GAS-CF4,47,slm,Ready,true
LOT-DEMO-0110,ETCH-05,TOOL-KIT-7,,,Ready,true
LOT-DEMO-0111,ETCH-01,CHAMBER-A,,,Ready,false
LOT-DEMO-0111,ETCH-01,GAS-CF4,44,slm,Ready,true
LOT-DEMO-0111,ETCH-01,GAS-N2,84.0,%,Ready,true
LOT-DEMO-0111,ETCH-01,OPERATOR-L2,2.0,people,Ready,true
LOT-DEMO-0111,ETCH-03,CHAMBER-B,,,Ready,false
LOT-DEMO-0111,ETCH-03,GAS-CF4,44.0,slm,Ready,true
LOT-DEMO-0111,ETCH-03,TOOL-KIT-7,,,Ready,true
LOT-DEMO-0111,ETCH-03,OPERATOR-L2,2.0,people,Ready,true
LOT-DEMO-0111,ETCH-05,CHAMBER-C,,,PM 17:00,false
LOT-DEMO-0111,ETCH-05,GAS-CF4,54,slm,Ready,true
LOT-DEMO-0111,ETCH-05,TOOL-KIT-7,,,Ready,true
LOT-DEMO-0112,ETCH-01,CHAMBER-A,,,Ready,false
LOT-DEMO-0112,ETCH-01,GAS-CF4,51,slm,Ready,true
LOT-DEMO-0112,ETCH-01,GAS-N2,84.0,%,Ready,true
LOT-DEMO-0112,ETCH-01,OPERATOR-L2,2.0,people,Ready,true
LOT-DEMO-0112,ETCH-03,CHAMBER-B,,,Ready,false
LOT-DEMO-0112,ETCH-03,GAS-CF4,44.0,slm,Ready,true
LOT-DEMO-0112,ETCH-03,TOOL-KIT-7,,,Ready,true
LOT-DEMO-0112,ETCH-03,OPERATOR-L2,2.0,people,Ready,true
LOT-DEMO-0112,ETCH-05,CHAMBER-C,,,PM 17:00,false
LOT-DEMO-0112,ETCH-05,GAS-CF4,32,slm,보충 필요,true
LOT-DEMO-0112,ETCH-05,TOOL-KIT-7,,,Ready,true
LOT-DEMO-0113,ETCH-01,CHAMBER-A,,,Ready,false
LOT-DEMO-0113,ETCH-01,GAS-CF4,29,slm,보충 필요,true
LOT-DEMO-0113,ETCH-01,GAS-N2,84.0,%,Ready,true
LOT-DEMO-0113,ETCH-01,OPERATOR-L2,2.0,people,Ready,true
LOT-DEMO-0113,ETCH-03,CHAMBER-B,,,Ready,false
LOT-DEMO-0113,ETCH-03,GAS-CF4,44.0,slm,Ready,true
LOT-DEMO-0113,ETCH-03,TOOL-KIT-7,,,Ready,true
LOT-DEMO-0113,ETCH-03,OPERATOR-L2,2.0,people,Ready,true
LOT-DEMO-0113,ETCH-05,CHAMBER-C,,,PM 17:00,false
LOT-DEMO-0113,ETCH-05,GAS-CF4,39,slm,보충 필요,true
LOT-DEMO-0113,ETCH-05,TOOL-KIT-7,,,Ready,true
LOT-DEMO-0114,ETCH-01,CHAMBER-A,,,Ready,false
LOT-DEMO-0114,ETCH-01,GAS-CF4,36,slm,보충 필요,true
LOT-DEMO-0114,ETCH-01,GAS-N2,84.0,%,Ready,true
LOT-DEMO-0114,ETCH-01,OPERATOR-L2,2.0,people,Ready,true
LOT-DEMO-0114,ETCH-03,CHAMBER-B,,,Ready,false
LOT-DEMO-0114,ETCH-03,GAS-CF4,44.0,slm,Ready,true
LOT-DEMO-0114,ETCH-03,TOOL-KIT-7,,,Ready,true
LOT-DEMO-0114,ETCH-03,OPERATOR-L2,2.0,people,Ready,true
LOT-DEMO-0114,ETCH-05,CHAMBER-C,,,PM 17:00,false
LOT-DEMO-0114,ETCH-05,GAS-CF4,46,slm,Ready,true
LOT-DEMO-0114,ETCH-05,TOOL-KIT-7,,,Ready,true
LOT-DEMO-0115,ETCH-01,CHAMBER-A,,,Ready,false
LOT-DEMO-0115,ETCH-01,GAS-CF4,43,slm,Ready,true
LOT-DEMO-0115,ETCH-01,GAS-N2,84.0,%,Ready,true
LOT-DEMO-0115,ETCH-01,OPERATOR-L2,2.0,people,Ready,true
LOT-DEMO-0115,ETCH-03,CHAMBER-B,,,Ready,false
LOT-DEMO-0115,ETCH-03,GAS-CF4,44.0,slm,Ready,true
LOT-DEMO-0115,ETCH-03,TOOL-KIT-7,,,Ready,true
LOT-DEMO-0115,ETCH-03,OPERATOR-L2,2.0,people,Ready,true
LOT-DEMO-0115,ETCH-05,CHAMBER-C,,,PM 17:00,false
LOT-DEMO-0115,ETCH-05,GAS-CF4,53,slm,Ready,true
LOT-DEMO-0115,ETCH-05,TOOL-KIT-7,,,Ready,true
LOT-DEMO-0116,ETCH-01,CHAMBER-A,,,Ready,false
LOT-DEMO-0116,ETCH-01,GAS-CF4,50,slm,Ready,true
LOT-DEMO-0116,ETCH-01,GAS-N2,84.0,%,Ready,true
LOT-DEMO-0116,ETCH-01,OPERATOR-L2,2.0,people,Ready,true
LOT-DEMO-0116,ETCH-03,CHAMBER-B,,,Ready,false
LOT-DEMO-0116,ETCH-03,GAS-CF4,44.0,slm,Ready,true
LOT-DEMO-0116,ETCH-03,TOOL-KIT-7,,,Ready,true
LOT-DEMO-0116,ETCH-03,OPERATOR-L2,2.0,people,Ready,true
LOT-DEMO-0116,ETCH-05,CHAMBER-C,,,PM 17:00,false
LOT-DEMO-0116,ETCH-05,GAS-CF4,31,slm,보충 필요,true
LOT-DEMO-0116,ETCH-05,TOOL-KIT-7,,,Ready,true
LOT-DEMO-0117,ETCH-01,CHAMBER-A,,,Ready,false
LOT-DEMO-0117,ETCH-01,GAS-CF4,28,slm,보충 필요,true
LOT-DEMO-0117,ETCH-01,GAS-N2,84.0,%,Ready,true
LOT-DEMO-0117,ETCH-01,OPERATOR-L2,2.0,people,Ready,true
LOT-DEMO-0117,ETCH-03,CHAMBER-B,,,Ready,false
LOT-DEMO-0117,ETCH-03,GAS-CF4,44.0,slm,Ready,true
LOT-DEMO-0117,ETCH-03,TOOL-KIT-7,,,Ready,true
LOT-DEMO-0117,ETCH-03,OPERATOR-L2,2.0,people,Ready,true
LOT-DEMO-0117,ETCH-05,CHAMBER-C,,,PM 17:00,false
LOT-DEMO-0117,ETCH-05,GAS-CF4,38,slm,보충 필요,true
LOT-DEMO-0117,ETCH-05,TOOL-KIT-7,,,Ready,true
LOT-DEMO-0118,ETCH-01,CHAMBER-A,,,Ready,false
LOT-DEMO-0118,ETCH-01,GAS-CF4,35,slm,보충 필요,true
LOT-DEMO-0118,ETCH-01,GAS-N2,84.0,%,Ready,true
LOT-DEMO-0118,ETCH-01,OPERATOR-L2,2.0,people,Ready,true
LOT-DEMO-0118,ETCH-03,CHAMBER-B,,,Ready,false
LOT-DEMO-0118,ETCH-03,GAS-CF4,44.0,slm,Ready,true
LOT-DEMO-0118,ETCH-03,TOOL-KIT-7,,,Ready,true
LOT-DEMO-0118,ETCH-03,OPERATOR-L2,2.0,people,Ready,true
LOT-DEMO-0118,ETCH-05,CHAMBER-C,,,PM 17:00,false
LOT-DEMO-0118,ETCH-05,GAS-CF4,45,slm,Ready,true
LOT-DEMO-0118,ETCH-05,TOOL-KIT-7,,,Ready,true
LOT-DEMO-0119,ETCH-01,CHAMBER-A,,,Ready,false
LOT-DEMO-0119,ETCH-01,GAS-CF4,42,slm,Ready,true
LOT-DEMO-0119,ETCH-01,GAS-N2,84.0,%,Ready,true
LOT-DEMO-0119,ETCH-01,OPERATOR-L2,2.0,people,Ready,true
LOT-DEMO-0119,ETCH-03,CHAMBER-B,,,Ready,false
LOT-DEMO-0119,ETCH-03,GAS-CF4,44.0,slm,Ready,true
LOT-DEMO-0119,ETCH-03,TOOL-KIT-7,,,Ready,true
LOT-DEMO-0119,ETCH-03,OPERATOR-L2,2.0,people,Ready,true
LOT-DEMO-0119,ETCH-05,CHAMBER-C,,,PM 17:00,false
LOT-DEMO-0119,ETCH-05,GAS-CF4,52,slm,Ready,true
LOT-DEMO-0119,ETCH-05,TOOL-KIT-7,,,Ready,true
LOT-DEMO-0120,ETCH-01,CHAMBER-A,,,Ready,false
LOT-DEMO-0120,ETCH-01,GAS-CF4,49,slm,Ready,true
LOT-DEMO-0120,ETCH-01,GAS-N2,84.0,%,Ready,true
LOT-DEMO-0120,ETCH-01,OPERATOR-L2,2.0,people,Ready,true
LOT-DEMO-0120,ETCH-03,CHAMBER-B,,,Ready,false
LOT-DEMO-0120,ETCH-03,GAS-CF4,44.0,slm,Ready,true
LOT-DEMO-0120,ETCH-03,TOOL-KIT-7,,,Ready,true
LOT-DEMO-0120,ETCH-03,OPERATOR-L2,2.0,people,Ready,true
LOT-DEMO-0120,ETCH-05,CHAMBER-C,,,PM 17:00,false
LOT-DEMO-0120,ETCH-05,GAS-CF4,30,slm,보충 필요,true
LOT-DEMO-0120,ETCH-05,TOOL-KIT-7,,,Ready,true
