lot_id,product,operation,quantity_wafers,due_time,priority,recipe_id
LOT-24017,AX7,Etch-02,1200,14:30,HIGH,R-ETCH-A7
LOT-DEMO-0002,AX7,Etch-04,937,14:47,NORMAL,R-ETCH-02
LOT-DEMO-0003,AX7,Etch-02,974,15:04,LOW,R-ETCH-03
LOT-DEMO-0004,AX8,Etch-04,1011,15:21,HIGH,R-ETCH-04
LOT-DEMO-0005,AX7,Etch-02,1048,15:38,NORMAL,R-ETCH-01
LOT-DEMO-0006,AX7,Etch-04,1085,15:55,LOW,R-ETCH-02
LOT-DEMO-0007,AX8,Etch-02,1122,16:12,HIGH,R-ETCH-03
LOT-DEMO-0008,AX7,Etch-04,1159,16:29,NORMAL,R-ETCH-04
LOT-DEMO-0009,AX7,Etch-02,1196,16:46,LOW,R-ETCH-01
LOT-DEMO-0010,AX8,Etch-04,1233,17:03,HIGH,R-ETCH-02
LOT-DEMO-0011,AX7,Etch-02,1270,17:20,NORMAL,R-ETCH-03
LOT-DEMO-0012,AX7,Etch-04,1307,17:37,LOW,R-ETCH-04
LOT-DEMO-0013,AX8,Etch-02,1344,17:54,HIGH,R-ETCH-01
LOT-DEMO-0014,AX7,Etch-04,1381,18:11,NORMAL,R-ETCH-02
LOT-DEMO-0015,AX7,Etch-02,1418,18:28,LOW,R-ETCH-03
LOT-DEMO-0016,AX8,Etch-04,1455,18:45,HIGH,R-ETCH-04
LOT-DEMO-0017,AX7,Etch-02,1492,19:02,NORMAL,R-ETCH-01
LOT-DEMO-0018,AX7,Etch-04,1529,19:19,LOW,R-ETCH-02
LOT-DEMO-0019,AX8,Etch-02,1566,19:36,HIGH,R-ETCH-03
LOT-DEMO-0020,AX7,Etch-04,902,19:53,NORMAL,R-ETCH-04
LOT-DEMO-0021,AX7,Etch-02,939,20:10,LOW,R-ETCH-01
LOT-DEMO-0022,AX8,Etch-04,976,20:27,HIGH,R-ETCH-02
LOT-DEMO-0023,AX7,Etch-02,1013,20:44,NORMAL,R-ETCH-03
LOT-DEMO-0024,AX7,Etch-04,1050,21:01,LOW,R-ETCH-04
LOT-DEMO-0025,AX8,Etch-02,1087,21:18,HIGH,R-ETCH-01
LOT-DEMO-0026,AX7,Etch-04,1124,21:35,NORMAL,R-ETCH-02
LOT-DEMO-0027,AX7,Etch-02,1161,21:52,LOW,R-ETCH-03
LOT-DEMO-0028,AX8,Etch-04,1198,22:09,HIGH,R-ETCH-04
LOT-DEMO-0029,AX7,Etch-02,1235,22:26,NORMAL,R-ETCH-01
LOT-DEMO-0030,AX7,Etch-04,1272,22:43,LOW,R-ETCH-02
LOT-DEMO-0031,AX8,Etch-02,1309,23:00,HIGH,R-ETCH-03
LOT-DEMO-0032,AX7,Etch-04,1346,23:17,NORMAL,R-ETCH-04
LOT-DEMO-0033,AX7,Etch-02,1383,23:34,LOW,R-ETCH-01
LOT-DEMO-0034,AX8,Etch-04,1420,23:51,HIGH,R-ETCH-02
LOT-DEMO-0035,AX7,Etch-02,1457,00:08,NORMAL,R-ETCH-03
LOT-DEMO-0036,AX7,Etch-04,1494,00:25,LOW,R-ETCH-04
LOT-DEMO-0037,AX8,Etch-02,1531,00:42,HIGH,R-ETCH-01
LOT-DEMO-0038,AX7,Etch-04,1568,00:59,NORMAL,R-ETCH-02
LOT-DEMO-0039,AX7,Etch-02,904,01:16,LOW,R-ETCH-03
LOT-DEMO-0040,AX8,Etch-04,941,01:33,HIGH,R-ETCH-04
LOT-DEMO-0041,AX7,Etch-02,978,01:50,NORMAL,R-ETCH-01
LOT-DEMO-0042,AX7,Etch-04,1015,02:07,LOW,R-ETCH-02
LOT-DEMO-0043,AX8,Etch-02,1052,02:24,HIGH,R-ETCH-03
LOT-DEMO-0044,AX7,Etch-04,1089,02:41,NORMAL,R-ETCH-04
LOT-DEMO-0045,AX7,Etch-02,1126,02:58,LOW,R-ETCH-01
LOT-DEMO-0046,AX8,Etch-04,1163,03:15,HIGH,R-ETCH-02
LOT-DEMO-0047,AX7,Etch-02,1200,03:32,NORMAL,R-ETCH-03
LOT-DEMO-0048,AX7,Etch-04,1237,03:49,LOW,R-ETCH-04
LOT-DEMO-0049,AX8,Etch-02,1274,04:06,HIGH,R-ETCH-01
LOT-DEMO-0050,AX7,Etch-04,1311,04:23,NORMAL,R-ETCH-02
LOT-DEMO-0051,AX7,Etch-02,1348,04:40,LOW,R-ETCH-03
LOT-DEMO-0052,AX8,Etch-04,1385,04:57,HIGH,R-ETCH-04
LOT-DEMO-0053,AX7,Etch-02,1422,05:14,NORMAL,R-ETCH-01
LOT-DEMO-0054,AX7,Etch-04,1459,05:31,LOW,R-ETCH-02
LOT-DEMO-0055,AX8,Etch-02,1496,05:48,HIGH,R-ETCH-03
LOT-DEMO-0056,AX7,Etch-04,1533,06:05,NORMAL,R-ETCH-04
LOT-DEMO-0057,AX7,Etch-02,1570,06:22,LOW,R-ETCH-01
LOT-DEMO-0058,AX8,Etch-04,906,06:39,HIGH,R-ETCH-02
LOT-DEMO-0059,AX7,Etch-02,943,06:56,NORMAL,R-ETCH-03
LOT-DEMO-0060,AX7,Etch-04,980,07:13,LOW,R-ETCH-04
LOT-DEMO-0061,AX8,Etch-02,1017,07:30,HIGH,R-ETCH-01
LOT-DEMO-0062,AX7,Etch-04,1054,07:47,NORMAL,R-ETCH-02
LOT-DEMO-0063,AX7,Etch-02,1091,08:04,LOW,R-ETCH-03
LOT-DEMO-0064,AX8,Etch-04,1128,08:21,HIGH,R-ETCH-04
LOT-DEMO-0065,AX7,Etch-02,1165,08:38,NORMAL,R-ETCH-01
LOT-DEMO-0066,AX7,Etch-04,1202,08:55,LOW,R-ETCH-02
LOT-DEMO-0067,AX8,Etch-02,1239,09:12,HIGH,R-ETCH-03
LOT-DEMO-0068,AX7,Etch-04,1276,09:29,NORMAL,R-ETCH-04
LOT-DEMO-0069,AX7,Etch-02,1313,09:46,LOW,R-ETCH-01
LOT-DEMO-0070,AX8,Etch-04,1350,10:03,HIGH,R-ETCH-02
LOT-DEMO-0071,AX7,Etch-02,1387,10:20,NORMAL,R-ETCH-03
LOT-DEMO-0072,AX7,Etch-04,1424,10:37,LOW,R-ETCH-04
LOT-DEMO-0073,AX8,Etch-02,1461,10:54,HIGH,R-ETCH-01
LOT-DEMO-0074,AX7,Etch-04,1498,11:11,NORMAL,R-ETCH-02
LOT-DEMO-0075,AX7,Etch-02,1535,11:28,LOW,R-ETCH-03
LOT-DEMO-0076,AX8,Etch-04,1572,11:45,HIGH,R-ETCH-04
LOT-DEMO-0077,AX7,Etch-02,908,12:02,NORMAL,R-ETCH-01
LOT-DEMO-0078,AX7,Etch-04,945,12:19,LOW,R-ETCH-02
LOT-DEMO-0079,AX8,Etch-02,982,12:36,HIGH,R-ETCH-03
LOT-DEMO-0080,AX7,Etch-04,1019,12:53,NORMAL,R-ETCH-04
LOT-DEMO-0081,AX7,Etch-02,1056,13:10,LOW,R-ETCH-01
LOT-DEMO-0082,AX8,Etch-04,1093,13:27,HIGH,R-ETCH-02
LOT-DEMO-0083,AX7,Etch-02,1130,13:44,NORMAL,R-ETCH-03
LOT-DEMO-0084,AX7,Etch-04,1167,14:01,LOW,R-ETCH-04
LOT-DEMO-0085,AX8,Etch-02,1204,14:18,HIGH,R-ETCH-01
LOT-DEMO-0086,AX7,Etch-04,1241,14:35,NORMAL,R-ETCH-02
LOT-DEMO-0087,AX7,Etch-02,1278,14:52,LOW,R-ETCH-03
LOT-DEMO-0088,AX8,Etch-04,1315,15:09,HIGH,R-ETCH-04
LOT-DEMO-0089,AX7,Etch-02,1352,15:26,NORMAL,R-ETCH-01
LOT-DEMO-0090,AX7,Etch-04,1389,15:43,LOW,R-ETCH-02
LOT-DEMO-0091,AX8,Etch-02,1426,16:00,HIGH,R-ETCH-03
LOT-DEMO-0092,AX7,Etch-04,1463,16:17,NORMAL,R-ETCH-04
LOT-DEMO-0093,AX7,Etch-02,1500,16:34,LOW,R-ETCH-01
LOT-DEMO-0094,AX8,Etch-04,1537,16:51,HIGH,R-ETCH-02
LOT-DEMO-0095,AX7,Etch-02,1574,17:08,NORMAL,R-ETCH-03
LOT-DEMO-0096,AX7,Etch-04,910,17:25,LOW,R-ETCH-04
LOT-DEMO-0097,AX8,Etch-02,947,17:42,HIGH,R-ETCH-01
LOT-DEMO-0098,AX7,Etch-04,984,17:59,NORMAL,R-ETCH-02
LOT-DEMO-0099,AX7,Etch-02,1021,18:16,LOW,R-ETCH-03
LOT-DEMO-0100,AX8,Etch-04,1058,18:33,HIGH,R-ETCH-04
LOT-DEMO-0101,AX7,Etch-02,1095,18:50,NORMAL,R-ETCH-01
LOT-DEMO-0102,AX7,Etch-04,1132,19:07,LOW,R-ETCH-02
LOT-DEMO-0103,AX8,Etch-02,1169,19:24,HIGH,R-ETCH-03
LOT-DEMO-0104,AX7,Etch-04,1206,19:41,NORMAL,R-ETCH-04
LOT-DEMO-0105,AX7,Etch-02,1243,19:58,LOW,R-ETCH-01
LOT-DEMO-0106,AX8,Etch-04,1280,20:15,HIGH,R-ETCH-02
LOT-DEMO-0107,AX7,Etch-02,1317,20:32,NORMAL,R-ETCH-03
LOT-DEMO-0108,AX7,Etch-04,1354,20:49,LOW,R-ETCH-04
LOT-DEMO-0109,AX8,Etch-02,1391,21:06,HIGH,R-ETCH-01
LOT-DEMO-0110,AX7,Etch-04,1428,21:23,NORMAL,R-ETCH-02
LOT-DEMO-0111,AX7,Etch-02,1465,21:40,LOW,R-ETCH-03
LOT-DEMO-0112,AX8,Etch-04,1502,21:57,HIGH,R-ETCH-04
LOT-DEMO-0113,AX7,Etch-02,1539,22:14,NORMAL,R-ETCH-01
LOT-DEMO-0114,AX7,Etch-04,1576,22:31,LOW,R-ETCH-02
LOT-DEMO-0115,AX8,Etch-02,912,22:48,HIGH,R-ETCH-03
LOT-DEMO-0116,AX7,Etch-04,949,23:05,NORMAL,R-ETCH-04
LOT-DEMO-0117,AX7,Etch-02,986,23:22,LOW,R-ETCH-01
LOT-DEMO-0118,AX8,Etch-04,1023,23:39,HIGH,R-ETCH-02
LOT-DEMO-0119,AX7,Etch-02,1060,23:56,NORMAL,R-ETCH-03
LOT-DEMO-0120,AX7,Etch-04,1097,00:13,LOW,R-ETCH-04
