lot_id,equipment_id,resource_id,spec_name,required_min,required_max,required_value,actual_numeric,actual_value,unit,passed
LOT-24017,ETCH-01,CHAMBER-A,온도,58.0,62.0,,60.0,60.0,℃,true
LOT-24017,ETCH-01,CHAMBER-A,압력,42.0,48.0,,45.0,45.0,mTorr,true
LOT-24017,ETCH-01,GAS-CF4,유량,40.0,,,44.0,44.0,slm,true
LOT-24017,ETCH-03,CHAMBER-B,온도,58.0,62.0,,59.0,59.0,℃,true
LOT-24017,ETCH-03,CHAMBER-B,압력,42.0,48.0,,47.0,47.0,mTorr,true
LOT-24017,ETCH-03,TOOL-KIT-7,Tool,7.0,,,7.0,7.0,,true
LOT-24017,ETCH-05,CHAMBER-C,온도,58.0,62.0,,61.0,61.0,℃,true
LOT-24017,ETCH-05,CHAMBER-C,압력,42.0,48.0,,46.0,46.0,mTorr,true
LOT-24017,ETCH-05,GAS-CF4,유량,40.0,,,28.0,28.0,slm,false
LOT-DEMO-0002,ETCH-01,CHAMBER-A,온도,58.0,62.0,,59.0,59.0,℃,true
LOT-DEMO-0002,ETCH-01,CHAMBER-A,압력,42.0,48.0,,44.0,44.0,mTorr,true
LOT-DEMO-0002,ETCH-01,GAS-CF4,유량,40.0,,,35,35,slm,false
LOT-DEMO-0002,ETCH-03,CHAMBER-B,온도,58.0,62.0,,60.0,60.0,℃,true
LOT-DEMO-0002,ETCH-03,CHAMBER-B,압력,42.0,48.0,,48.0,48.0,mTorr,true
LOT-DEMO-0002,ETCH-03,TOOL-KIT-7,Tool,7.0,,,8.0,8.0,,true
LOT-DEMO-0002,ETCH-05,CHAMBER-C,온도,58.0,62.0,,59.0,59.0,℃,true
LOT-DEMO-0002,ETCH-05,CHAMBER-C,압력,42.0,48.0,,44.0,44.0,mTorr,true
LOT-DEMO-0002,ETCH-05,GAS-CF4,유량,40.0,,,45,45,slm,true
LOT-DEMO-0003,ETCH-01,CHAMBER-A,온도,58.0,62.0,,60.0,60.0,℃,true
LOT-DEMO-0003,ETCH-01,CHAMBER-A,압력,42.0,48.0,,45.0,45.0,mTorr,true
LOT-DEMO-0003,ETCH-01,GAS-CF4,유량,40.0,,,42,42,slm,true
LOT-DEMO-0003,ETCH-03,CHAMBER-B,온도,58.0,62.0,,61.0,61.0,℃,true
LOT-DEMO-0003,ETCH-03,CHAMBER-B,압력,42.0,48.0,,49.0,49.0,mTorr,false
LOT-DEMO-0003,ETCH-03,TOOL-KIT-7,Tool,7.0,,,9.0,9.0,,true
LOT-DEMO-0003,ETCH-05,CHAMBER-C,온도,58.0,62.0,,60.0,60.0,℃,true
LOT-DEMO-0003,ETCH-05,CHAMBER-C,압력,42.0,48.0,,45.0,45.0,mTorr,true
LOT-DEMO-0003,ETCH-05,GAS-CF4,유량,40.0,,,52,52,slm,true
LOT-DEMO-0004,ETCH-01,CHAMBER-A,온도,58.0,62.0,,61.0,61.0,℃,true
LOT-DEMO-0004,ETCH-01,CHAMBER-A,압력,42.0,48.0,,46.0,46.0,mTorr,true
LOT-DEMO-0004,ETCH-01,GAS-CF4,유량,40.0,,,49,49,slm,true
LOT-DEMO-0004,ETCH-03,CHAMBER-B,온도,58.0,62.0,,57.0,57.0,℃,false
LOT-DEMO-0004,ETCH-03,CHAMBER-B,압력,42.0,48.0,,45.0,45.0,mTorr,true
LOT-DEMO-0004,ETCH-03,TOOL-KIT-7,Tool,7.0,,,5.0,5.0,,false
LOT-DEMO-0004,ETCH-05,CHAMBER-C,온도,58.0,62.0,,61.0,61.0,℃,true
LOT-DEMO-0004,ETCH-05,CHAMBER-C,압력,42.0,48.0,,46.0,46.0,mTorr,true
LOT-DEMO-0004,ETCH-05,GAS-CF4,유량,40.0,,,30,30,slm,false
LOT-DEMO-0005,ETCH-01,CHAMBER-A,온도,58.0,62.0,,62.0,62.0,℃,true
LOT-DEMO-0005,ETCH-01,CHAMBER-A,압력,42.0,48.0,,47.0,47.0,mTorr,true
LOT-DEMO-0005,ETCH-01,GAS-CF4,유량,40.0,,,56,56,slm,true
LOT-DEMO-0005,ETCH-03,CHAMBER-B,온도,58.0,62.0,,58.0,58.0,℃,true
LOT-DEMO-0005,ETCH-03,CHAMBER-B,압력,42.0,48.0,,46.0,46.0,mTorr,true
LOT-DEMO-0005,ETCH-03,TOOL-KIT-7,Tool,7.0,,,6.0,6.0,,false
LOT-DEMO-0005,ETCH-05,CHAMBER-C,온도,58.0,62.0,,62.0,62.0,℃,true
LOT-DEMO-0005,ETCH-05,CHAMBER-C,압력,42.0,48.0,,47.0,47.0,mTorr,true
LOT-DEMO-0005,ETCH-05,GAS-CF4,유량,40.0,,,37,37,slm,false
LOT-DEMO-0006,ETCH-01,CHAMBER-A,온도,58.0,62.0,,58.0,58.0,℃,true
LOT-DEMO-0006,ETCH-01,CHAMBER-A,압력,42.0,48.0,,43.0,43.0,mTorr,true
LOT-DEMO-0006,ETCH-01,GAS-CF4,유량,40.0,,,34,34,slm,false
LOT-DEMO-0006,ETCH-03,CHAMBER-B,온도,58.0,62.0,,59.0,59.0,℃,true
LOT-DEMO-0006,ETCH-03,CHAMBER-B,압력,42.0,48.0,,47.0,47.0,mTorr,true
LOT-DEMO-0006,ETCH-03,TOOL-KIT-7,Tool,7.0,,,7.0,7.0,,true
LOT-DEMO-0006,ETCH-05,CHAMBER-C,온도,58.0,62.0,,63.0,63.0,℃,false
LOT-DEMO-0006,ETCH-05,CHAMBER-C,압력,42.0,48.0,,48.0,48.0,mTorr,true
LOT-DEMO-0006,ETCH-05,GAS-CF4,유량,40.0,,,44,44,slm,true
LOT-DEMO-0007,ETCH-01,CHAMBER-A,온도,58.0,62.0,,59.0,59.0,℃,true
LOT-DEMO-0007,ETCH-01,CHAMBER-A,압력,42.0,48.0,,44.0,44.0,mTorr,true
LOT-DEMO-0007,ETCH-01,GAS-CF4,유량,40.0,,,41,41,slm,true
LOT-DEMO-0007,ETCH-03,CHAMBER-B,온도,58.0,62.0,,60.0,60.0,℃,true
LOT-DEMO-0007,ETCH-03,CHAMBER-B,압력,42.0,48.0,,48.0,48.0,mTorr,true
LOT-DEMO-0007,ETCH-03,TOOL-KIT-7,Tool,7.0,,,8.0,8.0,,true
LOT-DEMO-0007,ETCH-05,CHAMBER-C,온도,58.0,62.0,,59.0,59.0,℃,true
LOT-DEMO-0007,ETCH-05,CHAMBER-C,압력,42.0,48.0,,44.0,44.0,mTorr,true
LOT-DEMO-0007,ETCH-05,GAS-CF4,유량,40.0,,,51,51,slm,true
LOT-DEMO-0008,ETCH-01,CHAMBER-A,온도,58.0,62.0,,60.0,60.0,℃,true
LOT-DEMO-0008,ETCH-01,CHAMBER-A,압력,42.0,48.0,,45.0,45.0,mTorr,true
LOT-DEMO-0008,ETCH-01,GAS-CF4,유량,40.0,,,48,48,slm,true
LOT-DEMO-0008,ETCH-03,CHAMBER-B,온도,58.0,62.0,,61.0,61.0,℃,true
LOT-DEMO-0008,ETCH-03,CHAMBER-B,압력,42.0,48.0,,49.0,49.0,mTorr,false
LOT-DEMO-0008,ETCH-03,TOOL-KIT-7,Tool,7.0,,,9.0,9.0,,true
LOT-DEMO-0008,ETCH-05,CHAMBER-C,온도,58.0,62.0,,60.0,60.0,℃,true
LOT-DEMO-0008,ETCH-05,CHAMBER-C,압력,42.0,48.0,,45.0,45.0,mTorr,true
LOT-DEMO-0008,ETCH-05,GAS-CF4,유량,40.0,,,29,29,slm,false
LOT-DEMO-0009,ETCH-01,CHAMBER-A,온도,58.0,62.0,,61.0,61.0,℃,true
LOT-DEMO-0009,ETCH-01,CHAMBER-A,압력,42.0,48.0,,46.0,46.0,mTorr,true
LOT-DEMO-0009,ETCH-01,GAS-CF4,유량,40.0,,,55,55,slm,true
LOT-DEMO-0009,ETCH-03,CHAMBER-B,온도,58.0,62.0,,57.0,57.0,℃,false
LOT-DEMO-0009,ETCH-03,CHAMBER-B,압력,42.0,48.0,,45.0,45.0,mTorr,true
LOT-DEMO-0009,ETCH-03,TOOL-KIT-7,Tool,7.0,,,5.0,5.0,,false
LOT-DEMO-0009,ETCH-05,CHAMBER-C,온도,58.0,62.0,,61.0,61.0,℃,true
LOT-DEMO-0009,ETCH-05,CHAMBER-C,압력,42.0,48.0,,46.0,46.0,mTorr,true
LOT-DEMO-0009,ETCH-05,GAS-CF4,유량,40.0,,,36,36,slm,false
LOT-DEMO-0010,ETCH-01,CHAMBER-A,온도,58.0,62.0,,62.0,62.0,℃,true
LOT-DEMO-0010,ETCH-01,CHAMBER-A,압력,42.0,48.0,,47.0,47.0,mTorr,true
LOT-DEMO-0010,ETCH-01,GAS-CF4,유량,40.0,,,33,33,slm,false
LOT-DEMO-0010,ETCH-03,CHAMBER-B,온도,58.0,62.0,,58.0,58.0,℃,true
LOT-DEMO-0010,ETCH-03,CHAMBER-B,압력,42.0,48.0,,46.0,46.0,mTorr,true
LOT-DEMO-0010,ETCH-03,TOOL-KIT-7,Tool,7.0,,,6.0,6.0,,false
LOT-DEMO-0010,ETCH-05,CHAMBER-C,온도,58.0,62.0,,62.0,62.0,℃,true
LOT-DEMO-0010,ETCH-05,CHAMBER-C,압력,42.0,48.0,,47.0,47.0,mTorr,true
LOT-DEMO-0010,ETCH-05,GAS-CF4,유량,40.0,,,43,43,slm,true
LOT-DEMO-0011,ETCH-01,CHAMBER-A,온도,58.0,62.0,,58.0,58.0,℃,true
LOT-DEMO-0011,ETCH-01,CHAMBER-A,압력,42.0,48.0,,43.0,43.0,mTorr,true
LOT-DEMO-0011,ETCH-01,GAS-CF4,유량,40.0,,,40,40,slm,true
LOT-DEMO-0011,ETCH-03,CHAMBER-B,온도,58.0,62.0,,59.0,59.0,℃,true
LOT-DEMO-0011,ETCH-03,CHAMBER-B,압력,42.0,48.0,,47.0,47.0,mTorr,true
LOT-DEMO-0011,ETCH-03,TOOL-KIT-7,Tool,7.0,,,7.0,7.0,,true
LOT-DEMO-0011,ETCH-05,CHAMBER-C,온도,58.0,62.0,,63.0,63.0,℃,false
LOT-DEMO-0011,ETCH-05,CHAMBER-C,압력,42.0,48.0,,48.0,48.0,mTorr,true
LOT-DEMO-0011,ETCH-05,GAS-CF4,유량,40.0,,,50,50,slm,true
LOT-DEMO-0012,ETCH-01,CHAMBER-A,온도,58.0,62.0,,59.0,59.0,℃,true
LOT-DEMO-0012,ETCH-01,CHAMBER-A,압력,42.0,48.0,,44.0,44.0,mTorr,true
LOT-DEMO-0012,ETCH-01,GAS-CF4,유량,40.0,,,47,47,slm,true
LOT-DEMO-0012,ETCH-03,CHAMBER-B,온도,58.0,62.0,,60.0,60.0,℃,true
LOT-DEMO-0012,ETCH-03,CHAMBER-B,압력,42.0,48.0,,48.0,48.0,mTorr,true
LOT-DEMO-0012,ETCH-03,TOOL-KIT-7,Tool,7.0,,,8.0,8.0,,true
LOT-DEMO-0012,ETCH-05,CHAMBER-C,온도,58.0,62.0,,59.0,59.0,℃,true
LOT-DEMO-0012,ETCH-05,CHAMBER-C,압력,42.0,48.0,,44.0,44.0,mTorr,true
LOT-DEMO-0012,ETCH-05,GAS-CF4,유량,40.0,,,28,28,slm,false
LOT-DEMO-0013,ETCH-01,CHAMBER-A,온도,58.0,62.0,,60.0,60.0,℃,true
LOT-DEMO-0013,ETCH-01,CHAMBER-A,압력,42.0,48.0,,45.0,45.0,mTorr,true
LOT-DEMO-0013,ETCH-01,GAS-CF4,유량,40.0,,,54,54,slm,true
LOT-DEMO-0013,ETCH-03,CHAMBER-B,온도,58.0,62.0,,61.0,61.0,℃,true
LOT-DEMO-0013,ETCH-03,CHAMBER-B,압력,42.0,48.0,,49.0,49.0,mTorr,false
LOT-DEMO-0013,ETCH-03,TOOL-KIT-7,Tool,7.0,,,9.0,9.0,,true
LOT-DEMO-0013,ETCH-05,CHAMBER-C,온도,58.0,62.0,,60.0,60.0,℃,true
LOT-DEMO-0013,ETCH-05,CHAMBER-C,압력,42.0,48.0,,45.0,45.0,mTorr,true
LOT-DEMO-0013,ETCH-05,GAS-CF4,유량,40.0,,,35,35,slm,false
LOT-DEMO-0014,ETCH-01,CHAMBER-A,온도,58.0,62.0,,61.0,61.0,℃,true
LOT-DEMO-0014,ETCH-01,CHAMBER-A,압력,42.0,48.0,,46.0,46.0,mTorr,true
LOT-DEMO-0014,ETCH-01,GAS-CF4,유량,40.0,,,32,32,slm,false
LOT-DEMO-0014,ETCH-03,CHAMBER-B,온도,58.0,62.0,,57.0,57.0,℃,false
LOT-DEMO-0014,ETCH-03,CHAMBER-B,압력,42.0,48.0,,45.0,45.0,mTorr,true
LOT-DEMO-0014,ETCH-03,TOOL-KIT-7,Tool,7.0,,,5.0,5.0,,false
LOT-DEMO-0014,ETCH-05,CHAMBER-C,온도,58.0,62.0,,61.0,61.0,℃,true
LOT-DEMO-0014,ETCH-05,CHAMBER-C,압력,42.0,48.0,,46.0,46.0,mTorr,true
LOT-DEMO-0014,ETCH-05,GAS-CF4,유량,40.0,,,42,42,slm,true
LOT-DEMO-0015,ETCH-01,CHAMBER-A,온도,58.0,62.0,,62.0,62.0,℃,true
LOT-DEMO-0015,ETCH-01,CHAMBER-A,압력,42.0,48.0,,47.0,47.0,mTorr,true
LOT-DEMO-0015,ETCH-01,GAS-CF4,유량,40.0,,,39,39,slm,false
LOT-DEMO-0015,ETCH-03,CHAMBER-B,온도,58.0,62.0,,58.0,58.0,℃,true
LOT-DEMO-0015,ETCH-03,CHAMBER-B,압력,42.0,48.0,,46.0,46.0,mTorr,true
LOT-DEMO-0015,ETCH-03,TOOL-KIT-7,Tool,7.0,,,6.0,6.0,,false
LOT-DEMO-0015,ETCH-05,CHAMBER-C,온도,58.0,62.0,,62.0,62.0,℃,true
LOT-DEMO-0015,ETCH-05,CHAMBER-C,압력,42.0,48.0,,47.0,47.0,mTorr,true
LOT-DEMO-0015,ETCH-05,GAS-CF4,유량,40.0,,,49,49,slm,true
LOT-DEMO-0016,ETCH-01,CHAMBER-A,온도,58.0,62.0,,58.0,58.0,℃,true
LOT-DEMO-0016,ETCH-01,CHAMBER-A,압력,42.0,48.0,,43.0,43.0,mTorr,true
LOT-DEMO-0016,ETCH-01,GAS-CF4,유량,40.0,,,46,46,slm,true
LOT-DEMO-0016,ETCH-03,CHAMBER-B,온도,58.0,62.0,,59.0,59.0,℃,true
LOT-DEMO-0016,ETCH-03,CHAMBER-B,압력,42.0,48.0,,47.0,47.0,mTorr,true
LOT-DEMO-0016,ETCH-03,TOOL-KIT-7,Tool,7.0,,,7.0,7.0,,true
LOT-DEMO-0016,ETCH-05,CHAMBER-C,온도,58.0,62.0,,63.0,63.0,℃,false
LOT-DEMO-0016,ETCH-05,CHAMBER-C,압력,42.0,48.0,,48.0,48.0,mTorr,true
LOT-DEMO-0016,ETCH-05,GAS-CF4,유량,40.0,,,56,56,slm,true
LOT-DEMO-0017,ETCH-01,CHAMBER-A,온도,58.0,62.0,,59.0,59.0,℃,true
LOT-DEMO-0017,ETCH-01,CHAMBER-A,압력,42.0,48.0,,44.0,44.0,mTorr,true
LOT-DEMO-0017,ETCH-01,GAS-CF4,유량,40.0,,,53,53,slm,true
LOT-DEMO-0017,ETCH-03,CHAMBER-B,온도,58.0,62.0,,60.0,60.0,℃,true
LOT-DEMO-0017,ETCH-03,CHAMBER-B,압력,42.0,48.0,,48.0,48.0,mTorr,true
LOT-DEMO-0017,ETCH-03,TOOL-KIT-7,Tool,7.0,,,8.0,8.0,,true
LOT-DEMO-0017,ETCH-05,CHAMBER-C,온도,58.0,62.0,,59.0,59.0,℃,true
LOT-DEMO-0017,ETCH-05,CHAMBER-C,압력,42.0,48.0,,44.0,44.0,mTorr,true
LOT-DEMO-0017,ETCH-05,GAS-CF4,유량,40.0,,,34,34,slm,false
LOT-DEMO-0018,ETCH-01,CHAMBER-A,온도,58.0,62.0,,60.0,60.0,℃,true
LOT-DEMO-0018,ETCH-01,CHAMBER-A,압력,42.0,48.0,,45.0,45.0,mTorr,true
LOT-DEMO-0018,ETCH-01,GAS-CF4,유량,40.0,,,31,31,slm,false
LOT-DEMO-0018,ETCH-03,CHAMBER-B,온도,58.0,62.0,,61.0,61.0,℃,true
LOT-DEMO-0018,ETCH-03,CHAMBER-B,압력,42.0,48.0,,49.0,49.0,mTorr,false
LOT-DEMO-0018,ETCH-03,TOOL-KIT-7,Tool,7.0,,,9.0,9.0,,true
LOT-DEMO-0018,ETCH-05,CHAMBER-C,온도,58.0,62.0,,60.0,60.0,℃,true
LOT-DEMO-0018,ETCH-05,CHAMBER-C,압력,42.0,48.0,,45.0,45.0,mTorr,true
LOT-DEMO-0018,ETCH-05,GAS-CF4,유량,40.0,,,41,41,slm,true
LOT-DEMO-0019,ETCH-01,CHAMBER-A,온도,58.0,62.0,,61.0,61.0,℃,true
LOT-DEMO-0019,ETCH-01,CHAMBER-A,압력,42.0,48.0,,46.0,46.0,mTorr,true
LOT-DEMO-0019,ETCH-01,GAS-CF4,유량,40.0,,,38,38,slm,false
LOT-DEMO-0019,ETCH-03,CHAMBER-B,온도,58.0,62.0,,57.0,57.0,℃,false
LOT-DEMO-0019,ETCH-03,CHAMBER-B,압력,42.0,48.0,,45.0,45.0,mTorr,true
LOT-DEMO-0019,ETCH-03,TOOL-KIT-7,Tool,7.0,,,5.0,5.0,,false
LOT-DEMO-0019,ETCH-05,CHAMBER-C,온도,58.0,62.0,,61.0,61.0,℃,true
LOT-DEMO-0019,ETCH-05,CHAMBER-C,압력,42.0,48.0,,46.0,46.0,mTorr,true
LOT-DEMO-0019,ETCH-05,GAS-CF4,유량,40.0,,,48,48,slm,true
LOT-DEMO-0020,ETCH-01,CHAMBER-A,온도,58.0,62.0,,62.0,62.0,℃,true
LOT-DEMO-0020,ETCH-01,CHAMBER-A,압력,42.0,48.0,,47.0,47.0,mTorr,true
LOT-DEMO-0020,ETCH-01,GAS-CF4,유량,40.0,,,45,45,slm,true
LOT-DEMO-0020,ETCH-03,CHAMBER-B,온도,58.0,62.0,,58.0,58.0,℃,true
LOT-DEMO-0020,ETCH-03,CHAMBER-B,압력,42.0,48.0,,46.0,46.0,mTorr,true
LOT-DEMO-0020,ETCH-03,TOOL-KIT-7,Tool,7.0,,,6.0,6.0,,false
LOT-DEMO-0020,ETCH-05,CHAMBER-C,온도,58.0,62.0,,62.0,62.0,℃,true
LOT-DEMO-0020,ETCH-05,CHAMBER-C,압력,42.0,48.0,,47.0,47.0,mTorr,true
LOT-DEMO-0020,ETCH-05,GAS-CF4,유량,40.0,,,55,55,slm,true
LOT-DEMO-0021,ETCH-01,CHAMBER-A,온도,58.0,62.0,,58.0,58.0,℃,true
LOT-DEMO-0021,ETCH-01,CHAMBER-A,압력,42.0,48.0,,43.0,43.0,mTorr,true
LOT-DEMO-0021,ETCH-01,GAS-CF4,유량,40.0,,,52,52,slm,true
LOT-DEMO-0021,ETCH-03,CHAMBER-B,온도,58.0,62.0,,59.0,59.0,℃,true
LOT-DEMO-0021,ETCH-03,CHAMBER-B,압력,42.0,48.0,,47.0,47.0,mTorr,true
LOT-DEMO-0021,ETCH-03,TOOL-KIT-7,Tool,7.0,,,7.0,7.0,,true
LOT-DEMO-0021,ETCH-05,CHAMBER-C,온도,58.0,62.0,,63.0,63.0,℃,false
LOT-DEMO-0021,ETCH-05,CHAMBER-C,압력,42.0,48.0,,48.0,48.0,mTorr,true
LOT-DEMO-0021,ETCH-05,GAS-CF4,유량,40.0,,,33,33,slm,false
LOT-DEMO-0022,ETCH-01,CHAMBER-A,온도,58.0,62.0,,59.0,59.0,℃,true
LOT-DEMO-0022,ETCH-01,CHAMBER-A,압력,42.0,48.0,,44.0,44.0,mTorr,true
LOT-DEMO-0022,ETCH-01,GAS-CF4,유량,40.0,,,30,30,slm,false
LOT-DEMO-0022,ETCH-03,CHAMBER-B,온도,58.0,62.0,,60.0,60.0,℃,true
LOT-DEMO-0022,ETCH-03,CHAMBER-B,압력,42.0,48.0,,48.0,48.0,mTorr,true
LOT-DEMO-0022,ETCH-03,TOOL-KIT-7,Tool,7.0,,,8.0,8.0,,true
LOT-DEMO-0022,ETCH-05,CHAMBER-C,온도,58.0,62.0,,59.0,59.0,℃,true
LOT-DEMO-0022,ETCH-05,CHAMBER-C,압력,42.0,48.0,,44.0,44.0,mTorr,true
LOT-DEMO-0022,ETCH-05,GAS-CF4,유량,40.0,,,40,40,slm,true
LOT-DEMO-0023,ETCH-01,CHAMBER-A,온도,58.0,62.0,,60.0,60.0,℃,true
LOT-DEMO-0023,ETCH-01,CHAMBER-A,압력,42.0,48.0,,45.0,45.0,mTorr,true
LOT-DEMO-0023,ETCH-01,GAS-CF4,유량,40.0,,,37,37,slm,false
LOT-DEMO-0023,ETCH-03,CHAMBER-B,온도,58.0,62.0,,61.0,61.0,℃,true
LOT-DEMO-0023,ETCH-03,CHAMBER-B,압력,42.0,48.0,,49.0,49.0,mTorr,false
LOT-DEMO-0023,ETCH-03,TOOL-KIT-7,Tool,7.0,,,9.0,9.0,,true
LOT-DEMO-0023,ETCH-05,CHAMBER-C,온도,58.0,62.0,,60.0,60.0,℃,true
LOT-DEMO-0023,ETCH-05,CHAMBER-C,압력,42.0,48.0,,45.0,45.0,mTorr,true
LOT-DEMO-0023,ETCH-05,GAS-CF4,유량,40.0,,,47,47,slm,true
LOT-DEMO-0024,ETCH-01,CHAMBER-A,온도,58.0,62.0,,61.0,61.0,℃,true
LOT-DEMO-0024,ETCH-01,CHAMBER-A,압력,42.0,48.0,,46.0,46.0,mTorr,true
LOT-DEMO-0024,ETCH-01,GAS-CF4,유량,40.0,,,44,44,slm,true
LOT-DEMO-0024,ETCH-03,CHAMBER-B,온도,58.0,62.0,,57.0,57.0,℃,false
LOT-DEMO-0024,ETCH-03,CHAMBER-B,압력,42.0,48.0,,45.0,45.0,mTorr,true
LOT-DEMO-0024,ETCH-03,TOOL-KIT-7,Tool,7.0,,,5.0,5.0,,false
LOT-DEMO-0024,ETCH-05,CHAMBER-C,온도,58.0,62.0,,61.0,61.0,℃,true
LOT-DEMO-0024,ETCH-05,CHAMBER-C,압력,42.0,48.0,,46.0,46.0,mTorr,true
LOT-DEMO-0024,ETCH-05,GAS-CF4,유량,40.0,,,54,54,slm,true
LOT-DEMO-0025,ETCH-01,CHAMBER-A,온도,58.0,62.0,,62.0,62.0,℃,true
LOT-DEMO-0025,ETCH-01,CHAMBER-A,압력,42.0,48.0,,47.0,47.0,mTorr,true
LOT-DEMO-0025,ETCH-01,GAS-CF4,유량,40.0,,,51,51,slm,true
LOT-DEMO-0025,ETCH-03,CHAMBER-B,온도,58.0,62.0,,58.0,58.0,℃,true
LOT-DEMO-0025,ETCH-03,CHAMBER-B,압력,42.0,48.0,,46.0,46.0,mTorr,true
LOT-DEMO-0025,ETCH-03,TOOL-KIT-7,Tool,7.0,,,6.0,6.0,,false
LOT-DEMO-0025,ETCH-05,CHAMBER-C,온도,58.0,62.0,,62.0,62.0,℃,true
LOT-DEMO-0025,ETCH-05,CHAMBER-C,압력,42.0,48.0,,47.0,47.0,mTorr,true
LOT-DEMO-0025,ETCH-05,GAS-CF4,유량,40.0,,,32,32,slm,false
LOT-DEMO-0026,ETCH-01,CHAMBER-A,온도,58.0,62.0,,58.0,58.0,℃,true
LOT-DEMO-0026,ETCH-01,CHAMBER-A,압력,42.0,48.0,,43.0,43.0,mTorr,true
LOT-DEMO-0026,ETCH-01,GAS-CF4,유량,40.0,,,29,29,slm,false
LOT-DEMO-0026,ETCH-03,CHAMBER-B,온도,58.0,62.0,,59.0,59.0,℃,true
LOT-DEMO-0026,ETCH-03,CHAMBER-B,압력,42.0,48.0,,47.0,47.0,mTorr,true
LOT-DEMO-0026,ETCH-03,TOOL-KIT-7,Tool,7.0,,,7.0,7.0,,true
LOT-DEMO-0026,ETCH-05,CHAMBER-C,온도,58.0,62.0,,63.0,63.0,℃,false
LOT-DEMO-0026,ETCH-05,CHAMBER-C,압력,42.0,48.0,,48.0,48.0,mTorr,true
LOT-DEMO-0026,ETCH-05,GAS-CF4,유량,40.0,,,39,39,slm,false
LOT-DEMO-0027,ETCH-01,CHAMBER-A,온도,58.0,62.0,,59.0,59.0,℃,true
LOT-DEMO-0027,ETCH-01,CHAMBER-A,압력,42.0,48.0,,44.0,44.0,mTorr,true
LOT-DEMO-0027,ETCH-01,GAS-CF4,유량,40.0,,,36,36,slm,false
LOT-DEMO-0027,ETCH-03,CHAMBER-B,온도,58.0,62.0,,60.0,60.0,℃,true
LOT-DEMO-0027,ETCH-03,CHAMBER-B,압력,42.0,48.0,,48.0,48.0,mTorr,true
LOT-DEMO-0027,ETCH-03,TOOL-KIT-7,Tool,7.0,,,8.0,8.0,,true
LOT-DEMO-0027,ETCH-05,CHAMBER-C,온도,58.0,62.0,,59.0,59.0,℃,true
LOT-DEMO-0027,ETCH-05,CHAMBER-C,압력,42.0,48.0,,44.0,44.0,mTorr,true
LOT-DEMO-0027,ETCH-05,GAS-CF4,유량,40.0,,,46,46,slm,true
LOT-DEMO-0028,ETCH-01,CHAMBER-A,온도,58.0,62.0,,60.0,60.0,℃,true
LOT-DEMO-0028,ETCH-01,CHAMBER-A,압력,42.0,48.0,,45.0,45.0,mTorr,true
LOT-DEMO-0028,ETCH-01,GAS-CF4,유량,40.0,,,43,43,slm,true
LOT-DEMO-0028,ETCH-03,CHAMBER-B,온도,58.0,62.0,,61.0,61.0,℃,true
LOT-DEMO-0028,ETCH-03,CHAMBER-B,압력,42.0,48.0,,49.0,49.0,mTorr,false
LOT-DEMO-0028,ETCH-03,TOOL-KIT-7,Tool,7.0,,,9.0,9.0,,true
LOT-DEMO-0028,ETCH-05,CHAMBER-C,온도,58.0,62.0,,60.0,60.0,℃,true
LOT-DEMO-0028,ETCH-05,CHAMBER-C,압력,42.0,48.0,,45.0,45.0,mTorr,true
LOT-DEMO-0028,ETCH-05,GAS-CF4,유량,40.0,,,53,53,slm,true
LOT-DEMO-0029,ETCH-01,CHAMBER-A,온도,58.0,62.0,,61.0,61.0,℃,true
LOT-DEMO-0029,ETCH-01,CHAMBER-A,압력,42.0,48.0,,46.0,46.0,mTorr,true
LOT-DEMO-0029,ETCH-01,GAS-CF4,유량,40.0,,,50,50,slm,true
LOT-DEMO-0029,ETCH-03,CHAMBER-B,온도,58.0,62.0,,57.0,57.0,℃,false
LOT-DEMO-0029,ETCH-03,CHAMBER-B,압력,42.0,48.0,,45.0,45.0,mTorr,true
LOT-DEMO-0029,ETCH-03,TOOL-KIT-7,Tool,7.0,,,5.0,5.0,,false
LOT-DEMO-0029,ETCH-05,CHAMBER-C,온도,58.0,62.0,,61.0,61.0,℃,true
LOT-DEMO-0029,ETCH-05,CHAMBER-C,압력,42.0,48.0,,46.0,46.0,mTorr,true
LOT-DEMO-0029,ETCH-05,GAS-CF4,유량,40.0,,,31,31,slm,false
LOT-DEMO-0030,ETCH-01,CHAMBER-A,온도,58.0,62.0,,62.0,62.0,℃,true
LOT-DEMO-0030,ETCH-01,CHAMBER-A,압력,42.0,48.0,,47.0,47.0,mTorr,true
LOT-DEMO-0030,ETCH-01,GAS-CF4,유량,40.0,,,28,28,slm,false
LOT-DEMO-0030,ETCH-03,CHAMBER-B,온도,58.0,62.0,,58.0,58.0,℃,true
LOT-DEMO-0030,ETCH-03,CHAMBER-B,압력,42.0,48.0,,46.0,46.0,mTorr,true
LOT-DEMO-0030,ETCH-03,TOOL-KIT-7,Tool,7.0,,,6.0,6.0,,false
LOT-DEMO-0030,ETCH-05,CHAMBER-C,온도,58.0,62.0,,62.0,62.0,℃,true
LOT-DEMO-0030,ETCH-05,CHAMBER-C,압력,42.0,48.0,,47.0,47.0,mTorr,true
LOT-DEMO-0030,ETCH-05,GAS-CF4,유량,40.0,,,38,38,slm,false
LOT-DEMO-0031,ETCH-01,CHAMBER-A,온도,58.0,62.0,,58.0,58.0,℃,true
LOT-DEMO-0031,ETCH-01,CHAMBER-A,압력,42.0,48.0,,43.0,43.0,mTorr,true
LOT-DEMO-0031,ETCH-01,GAS-CF4,유량,40.0,,,35,35,slm,false
LOT-DEMO-0031,ETCH-03,CHAMBER-B,온도,58.0,62.0,,59.0,59.0,℃,true
LOT-DEMO-0031,ETCH-03,CHAMBER-B,압력,42.0,48.0,,47.0,47.0,mTorr,true
LOT-DEMO-0031,ETCH-03,TOOL-KIT-7,Tool,7.0,,,7.0,7.0,,true
LOT-DEMO-0031,ETCH-05,CHAMBER-C,온도,58.0,62.0,,63.0,63.0,℃,false
LOT-DEMO-0031,ETCH-05,CHAMBER-C,압력,42.0,48.0,,48.0,48.0,mTorr,true
LOT-DEMO-0031,ETCH-05,GAS-CF4,유량,40.0,,,45,45,slm,true
LOT-DEMO-0032,ETCH-01,CHAMBER-A,온도,58.0,62.0,,59.0,59.0,℃,true
LOT-DEMO-0032,ETCH-01,CHAMBER-A,압력,42.0,48.0,,44.0,44.0,mTorr,true
LOT-DEMO-0032,ETCH-01,GAS-CF4,유량,40.0,,,42,42,slm,true
LOT-DEMO-0032,ETCH-03,CHAMBER-B,온도,58.0,62.0,,60.0,60.0,℃,true
LOT-DEMO-0032,ETCH-03,CHAMBER-B,압력,42.0,48.0,,48.0,48.0,mTorr,true
LOT-DEMO-0032,ETCH-03,TOOL-KIT-7,Tool,7.0,,,8.0,8.0,,true
LOT-DEMO-0032,ETCH-05,CHAMBER-C,온도,58.0,62.0,,59.0,59.0,℃,true
LOT-DEMO-0032,ETCH-05,CHAMBER-C,압력,42.0,48.0,,44.0,44.0,mTorr,true
LOT-DEMO-0032,ETCH-05,GAS-CF4,유량,40.0,,,52,52,slm,true
LOT-DEMO-0033,ETCH-01,CHAMBER-A,온도,58.0,62.0,,60.0,60.0,℃,true
LOT-DEMO-0033,ETCH-01,CHAMBER-A,압력,42.0,48.0,,45.0,45.0,mTorr,true
LOT-DEMO-0033,ETCH-01,GAS-CF4,유량,40.0,,,49,49,slm,true
LOT-DEMO-0033,ETCH-03,CHAMBER-B,온도,58.0,62.0,,61.0,61.0,℃,true
LOT-DEMO-0033,ETCH-03,CHAMBER-B,압력,42.0,48.0,,49.0,49.0,mTorr,false
LOT-DEMO-0033,ETCH-03,TOOL-KIT-7,Tool,7.0,,,9.0,9.0,,true
LOT-DEMO-0033,ETCH-05,CHAMBER-C,온도,58.0,62.0,,60.0,60.0,℃,true
LOT-DEMO-0033,ETCH-05,CHAMBER-C,압력,42.0,48.0,,45.0,45.0,mTorr,true
LOT-DEMO-0033,ETCH-05,GAS-CF4,유량,40.0,,,30,30,slm,false
LOT-DEMO-0034,ETCH-01,CHAMBER-A,온도,58.0,62.0,,61.0,61.0,℃,true
LOT-DEMO-0034,ETCH-01,CHAMBER-A,압력,42.0,48.0,,46.0,46.0,mTorr,true
LOT-DEMO-0034,ETCH-01,GAS-CF4,유량,40.0,,,56,56,slm,true
LOT-DEMO-0034,ETCH-03,CHAMBER-B,온도,58.0,62.0,,57.0,57.0,℃,false
LOT-DEMO-0034,ETCH-03,CHAMBER-B,압력,42.0,48.0,,45.0,45.0,mTorr,true
LOT-DEMO-0034,ETCH-03,TOOL-KIT-7,Tool,7.0,,,5.0,5.0,,false
LOT-DEMO-0034,ETCH-05,CHAMBER-C,온도,58.0,62.0,,61.0,61.0,℃,true
LOT-DEMO-0034,ETCH-05,CHAMBER-C,압력,42.0,48.0,,46.0,46.0,mTorr,true
LOT-DEMO-0034,ETCH-05,GAS-CF4,유량,40.0,,,37,37,slm,false
LOT-DEMO-0035,ETCH-01,CHAMBER-A,온도,58.0,62.0,,62.0,62.0,℃,true
LOT-DEMO-0035,ETCH-01,CHAMBER-A,압력,42.0,48.0,,47.0,47.0,mTorr,true
LOT-DEMO-0035,ETCH-01,GAS-CF4,유량,40.0,,,34,34,slm,false
LOT-DEMO-0035,ETCH-03,CHAMBER-B,온도,58.0,62.0,,58.0,58.0,℃,true
LOT-DEMO-0035,ETCH-03,CHAMBER-B,압력,42.0,48.0,,46.0,46.0,mTorr,true
LOT-DEMO-0035,ETCH-03,TOOL-KIT-7,Tool,7.0,,,6.0,6.0,,false
LOT-DEMO-0035,ETCH-05,CHAMBER-C,온도,58.0,62.0,,62.0,62.0,℃,true
LOT-DEMO-0035,ETCH-05,CHAMBER-C,압력,42.0,48.0,,47.0,47.0,mTorr,true
LOT-DEMO-0035,ETCH-05,GAS-CF4,유량,40.0,,,44,44,slm,true
LOT-DEMO-0036,ETCH-01,CHAMBER-A,온도,58.0,62.0,,58.0,58.0,℃,true
LOT-DEMO-0036,ETCH-01,CHAMBER-A,압력,42.0,48.0,,43.0,43.0,mTorr,true
LOT-DEMO-0036,ETCH-01,GAS-CF4,유량,40.0,,,41,41,slm,true
LOT-DEMO-0036,ETCH-03,CHAMBER-B,온도,58.0,62.0,,59.0,59.0,℃,true
LOT-DEMO-0036,ETCH-03,CHAMBER-B,압력,42.0,48.0,,47.0,47.0,mTorr,true
LOT-DEMO-0036,ETCH-03,TOOL-KIT-7,Tool,7.0,,,7.0,7.0,,true
LOT-DEMO-0036,ETCH-05,CHAMBER-C,온도,58.0,62.0,,63.0,63.0,℃,false
LOT-DEMO-0036,ETCH-05,CHAMBER-C,압력,42.0,48.0,,48.0,48.0,mTorr,true
LOT-DEMO-0036,ETCH-05,GAS-CF4,유량,40.0,,,51,51,slm,true
LOT-DEMO-0037,ETCH-01,CHAMBER-A,온도,58.0,62.0,,59.0,59.0,℃,true
LOT-DEMO-0037,ETCH-01,CHAMBER-A,압력,42.0,48.0,,44.0,44.0,mTorr,true
LOT-DEMO-0037,ETCH-01,GAS-CF4,유량,40.0,,,48,48,slm,true
LOT-DEMO-0037,ETCH-03,CHAMBER-B,온도,58.0,62.0,,60.0,60.0,℃,true
LOT-DEMO-0037,ETCH-03,CHAMBER-B,압력,42.0,48.0,,48.0,48.0,mTorr,true
LOT-DEMO-0037,ETCH-03,TOOL-KIT-7,Tool,7.0,,,8.0,8.0,,true
LOT-DEMO-0037,ETCH-05,CHAMBER-C,온도,58.0,62.0,,59.0,59.0,℃,true
LOT-DEMO-0037,ETCH-05,CHAMBER-C,압력,42.0,48.0,,44.0,44.0,mTorr,true
LOT-DEMO-0037,ETCH-05,GAS-CF4,유량,40.0,,,29,29,slm,false
LOT-DEMO-0038,ETCH-01,CHAMBER-A,온도,58.0,62.0,,60.0,60.0,℃,true
LOT-DEMO-0038,ETCH-01,CHAMBER-A,압력,42.0,48.0,,45.0,45.0,mTorr,true
LOT-DEMO-0038,ETCH-01,GAS-CF4,유량,40.0,,,55,55,slm,true
LOT-DEMO-0038,ETCH-03,CHAMBER-B,온도,58.0,62.0,,61.0,61.0,℃,true
LOT-DEMO-0038,ETCH-03,CHAMBER-B,압력,42.0,48.0,,49.0,49.0,mTorr,false
LOT-DEMO-0038,ETCH-03,TOOL-KIT-7,Tool,7.0,,,9.0,9.0,,true
LOT-DEMO-0038,ETCH-05,CHAMBER-C,온도,58.0,62.0,,60.0,60.0,℃,true
LOT-DEMO-0038,ETCH-05,CHAMBER-C,압력,42.0,48.0,,45.0,45.0,mTorr,true
LOT-DEMO-0038,ETCH-05,GAS-CF4,유량,40.0,,,36,36,slm,false
LOT-DEMO-0039,ETCH-01,CHAMBER-A,온도,58.0,62.0,,61.0,61.0,℃,true
LOT-DEMO-0039,ETCH-01,CHAMBER-A,압력,42.0,48.0,,46.0,46.0,mTorr,true
LOT-DEMO-0039,ETCH-01,GAS-CF4,유량,40.0,,,33,33,slm,false
LOT-DEMO-0039,ETCH-03,CHAMBER-B,온도,58.0,62.0,,57.0,57.0,℃,false
LOT-DEMO-0039,ETCH-03,CHAMBER-B,압력,42.0,48.0,,45.0,45.0,mTorr,true
LOT-DEMO-0039,ETCH-03,TOOL-KIT-7,Tool,7.0,,,5.0,5.0,,false
LOT-DEMO-0039,ETCH-05,CHAMBER-C,온도,58.0,62.0,,61.0,61.0,℃,true
LOT-DEMO-0039,ETCH-05,CHAMBER-C,압력,42.0,48.0,,46.0,46.0,mTorr,true
LOT-DEMO-0039,ETCH-05,GAS-CF4,유량,40.0,,,43,43,slm,true
LOT-DEMO-0040,ETCH-01,CHAMBER-A,온도,58.0,62.0,,62.0,62.0,℃,true
LOT-DEMO-0040,ETCH-01,CHAMBER-A,압력,42.0,48.0,,47.0,47.0,mTorr,true
LOT-DEMO-0040,ETCH-01,GAS-CF4,유량,40.0,,,40,40,slm,true
LOT-DEMO-0040,ETCH-03,CHAMBER-B,온도,58.0,62.0,,58.0,58.0,℃,true
LOT-DEMO-0040,ETCH-03,CHAMBER-B,압력,42.0,48.0,,46.0,46.0,mTorr,true
LOT-DEMO-0040,ETCH-03,TOOL-KIT-7,Tool,7.0,,,6.0,6.0,,false
LOT-DEMO-0040,ETCH-05,CHAMBER-C,온도,58.0,62.0,,62.0,62.0,℃,true
LOT-DEMO-0040,ETCH-05,CHAMBER-C,압력,42.0,48.0,,47.0,47.0,mTorr,true
LOT-DEMO-0040,ETCH-05,GAS-CF4,유량,40.0,,,50,50,slm,true
LOT-DEMO-0041,ETCH-01,CHAMBER-A,온도,58.0,62.0,,58.0,58.0,℃,true
LOT-DEMO-0041,ETCH-01,CHAMBER-A,압력,42.0,48.0,,43.0,43.0,mTorr,true
LOT-DEMO-0041,ETCH-01,GAS-CF4,유량,40.0,,,47,47,slm,true
LOT-DEMO-0041,ETCH-03,CHAMBER-B,온도,58.0,62.0,,59.0,59.0,℃,true
LOT-DEMO-0041,ETCH-03,CHAMBER-B,압력,42.0,48.0,,47.0,47.0,mTorr,true
LOT-DEMO-0041,ETCH-03,TOOL-KIT-7,Tool,7.0,,,7.0,7.0,,true
LOT-DEMO-0041,ETCH-05,CHAMBER-C,온도,58.0,62.0,,63.0,63.0,℃,false
LOT-DEMO-0041,ETCH-05,CHAMBER-C,압력,42.0,48.0,,48.0,48.0,mTorr,true
LOT-DEMO-0041,ETCH-05,GAS-CF4,유량,40.0,,,28,28,slm,false
LOT-DEMO-0042,ETCH-01,CHAMBER-A,온도,58.0,62.0,,59.0,59.0,℃,true
LOT-DEMO-0042,ETCH-01,CHAMBER-A,압력,42.0,48.0,,44.0,44.0,mTorr,true
LOT-DEMO-0042,ETCH-01,GAS-CF4,유량,40.0,,,54,54,slm,true
LOT-DEMO-0042,ETCH-03,CHAMBER-B,온도,58.0,62.0,,60.0,60.0,℃,true
LOT-DEMO-0042,ETCH-03,CHAMBER-B,압력,42.0,48.0,,48.0,48.0,mTorr,true
LOT-DEMO-0042,ETCH-03,TOOL-KIT-7,Tool,7.0,,,8.0,8.0,,true
LOT-DEMO-0042,ETCH-05,CHAMBER-C,온도,58.0,62.0,,59.0,59.0,℃,true
LOT-DEMO-0042,ETCH-05,CHAMBER-C,압력,42.0,48.0,,44.0,44.0,mTorr,true
LOT-DEMO-0042,ETCH-05,GAS-CF4,유량,40.0,,,35,35,slm,false
LOT-DEMO-0043,ETCH-01,CHAMBER-A,온도,58.0,62.0,,60.0,60.0,℃,true
LOT-DEMO-0043,ETCH-01,CHAMBER-A,압력,42.0,48.0,,45.0,45.0,mTorr,true
LOT-DEMO-0043,ETCH-01,GAS-CF4,유량,40.0,,,32,32,slm,false
LOT-DEMO-0043,ETCH-03,CHAMBER-B,온도,58.0,62.0,,61.0,61.0,℃,true
LOT-DEMO-0043,ETCH-03,CHAMBER-B,압력,42.0,48.0,,49.0,49.0,mTorr,false
LOT-DEMO-0043,ETCH-03,TOOL-KIT-7,Tool,7.0,,,9.0,9.0,,true
LOT-DEMO-0043,ETCH-05,CHAMBER-C,온도,58.0,62.0,,60.0,60.0,℃,true
LOT-DEMO-0043,ETCH-05,CHAMBER-C,압력,42.0,48.0,,45.0,45.0,mTorr,true
LOT-DEMO-0043,ETCH-05,GAS-CF4,유량,40.0,,,42,42,slm,true
LOT-DEMO-0044,ETCH-01,CHAMBER-A,온도,58.0,62.0,,61.0,61.0,℃,true
LOT-DEMO-0044,ETCH-01,CHAMBER-A,압력,42.0,48.0,,46.0,46.0,mTorr,true
LOT-DEMO-0044,ETCH-01,GAS-CF4,유량,40.0,,,39,39,slm,false
LOT-DEMO-0044,ETCH-03,CHAMBER-B,온도,58.0,62.0,,57.0,57.0,℃,false
LOT-DEMO-0044,ETCH-03,CHAMBER-B,압력,42.0,48.0,,45.0,45.0,mTorr,true
LOT-DEMO-0044,ETCH-03,TOOL-KIT-7,Tool,7.0,,,5.0,5.0,,false
LOT-DEMO-0044,ETCH-05,CHAMBER-C,온도,58.0,62.0,,61.0,61.0,℃,true
LOT-DEMO-0044,ETCH-05,CHAMBER-C,압력,42.0,48.0,,46.0,46.0,mTorr,true
LOT-DEMO-0044,ETCH-05,GAS-CF4,유량,40.0,,,49,49,slm,true
LOT-DEMO-0045,ETCH-01,CHAMBER-A,온도,58.0,62.0,,62.0,62.0,℃,true
LOT-DEMO-0045,ETCH-01,CHAMBER-A,압력,42.0,48.0,,47.0,47.0,mTorr,true
LOT-DEMO-0045,ETCH-01,GAS-CF4,유량,40.0,,,46,46,slm,true
LOT-DEMO-0045,ETCH-03,CHAMBER-B,온도,58.0,62.0,,58.0,58.0,℃,true
LOT-DEMO-0045,ETCH-03,CHAMBER-B,압력,42.0,48.0,,46.0,46.0,mTorr,true
LOT-DEMO-0045,ETCH-03,TOOL-KIT-7,Tool,7.0,,,6.0,6.0,,false
LOT-DEMO-0045,ETCH-05,CHAMBER-C,온도,58.0,62.0,,62.0,62.0,℃,true
LOT-DEMO-0045,ETCH-05,CHAMBER-C,압력,42.0,48.0,,47.0,47.0,mTorr,true
LOT-DEMO-0045,ETCH-05,GAS-CF4,유량,40.0,,,56,56,slm,true
LOT-DEMO-0046,ETCH-01,CHAMBER-A,온도,58.0,62.0,,58.0,58.0,℃,true
LOT-DEMO-0046,ETCH-01,CHAMBER-A,압력,42.0,48.0,,43.0,43.0,mTorr,true
LOT-DEMO-0046,ETCH-01,GAS-CF4,유량,40.0,,,53,53,slm,true
LOT-DEMO-0046,ETCH-03,CHAMBER-B,온도,58.0,62.0,,59.0,59.0,℃,true
LOT-DEMO-0046,ETCH-03,CHAMBER-B,압력,42.0,48.0,,47.0,47.0,mTorr,true
LOT-DEMO-0046,ETCH-03,TOOL-KIT-7,Tool,7.0,,,7.0,7.0,,true
LOT-DEMO-0046,ETCH-05,CHAMBER-C,온도,58.0,62.0,,63.0,63.0,℃,false
LOT-DEMO-0046,ETCH-05,CHAMBER-C,압력,42.0,48.0,,48.0,48.0,mTorr,true
LOT-DEMO-0046,ETCH-05,GAS-CF4,유량,40.0,,,34,34,slm,false
LOT-DEMO-0047,ETCH-01,CHAMBER-A,온도,58.0,62.0,,59.0,59.0,℃,true
LOT-DEMO-0047,ETCH-01,CHAMBER-A,압력,42.0,48.0,,44.0,44.0,mTorr,true
LOT-DEMO-0047,ETCH-01,GAS-CF4,유량,40.0,,,31,31,slm,false
LOT-DEMO-0047,ETCH-03,CHAMBER-B,온도,58.0,62.0,,60.0,60.0,℃,true
LOT-DEMO-0047,ETCH-03,CHAMBER-B,압력,42.0,48.0,,48.0,48.0,mTorr,true
LOT-DEMO-0047,ETCH-03,TOOL-KIT-7,Tool,7.0,,,8.0,8.0,,true
LOT-DEMO-0047,ETCH-05,CHAMBER-C,온도,58.0,62.0,,59.0,59.0,℃,true
LOT-DEMO-0047,ETCH-05,CHAMBER-C,압력,42.0,48.0,,44.0,44.0,mTorr,true
LOT-DEMO-0047,ETCH-05,GAS-CF4,유량,40.0,,,41,41,slm,true
LOT-DEMO-0048,ETCH-01,CHAMBER-A,온도,58.0,62.0,,60.0,60.0,℃,true
LOT-DEMO-0048,ETCH-01,CHAMBER-A,압력,42.0,48.0,,45.0,45.0,mTorr,true
LOT-DEMO-0048,ETCH-01,GAS-CF4,유량,40.0,,,38,38,slm,false
LOT-DEMO-0048,ETCH-03,CHAMBER-B,온도,58.0,62.0,,61.0,61.0,℃,true
LOT-DEMO-0048,ETCH-03,CHAMBER-B,압력,42.0,48.0,,49.0,49.0,mTorr,false
LOT-DEMO-0048,ETCH-03,TOOL-KIT-7,Tool,7.0,,,9.0,9.0,,true
LOT-DEMO-0048,ETCH-05,CHAMBER-C,온도,58.0,62.0,,60.0,60.0,℃,true
LOT-DEMO-0048,ETCH-05,CHAMBER-C,압력,42.0,48.0,,45.0,45.0,mTorr,true
LOT-DEMO-0048,ETCH-05,GAS-CF4,유량,40.0,,,48,48,slm,true
LOT-DEMO-0049,ETCH-01,CHAMBER-A,온도,58.0,62.0,,61.0,61.0,℃,true
LOT-DEMO-0049,ETCH-01,CHAMBER-A,압력,42.0,48.0,,46.0,46.0,mTorr,true
LOT-DEMO-0049,ETCH-01,GAS-CF4,유량,40.0,,,45,45,slm,true
LOT-DEMO-0049,ETCH-03,CHAMBER-B,온도,58.0,62.0,,57.0,57.0,℃,false
LOT-DEMO-0049,ETCH-03,CHAMBER-B,압력,42.0,48.0,,45.0,45.0,mTorr,true
LOT-DEMO-0049,ETCH-03,TOOL-KIT-7,Tool,7.0,,,5.0,5.0,,false
LOT-DEMO-0049,ETCH-05,CHAMBER-C,온도,58.0,62.0,,61.0,61.0,℃,true
LOT-DEMO-0049,ETCH-05,CHAMBER-C,압력,42.0,48.0,,46.0,46.0,mTorr,true
LOT-DEMO-0049,ETCH-05,GAS-CF4,유량,40.0,,,55,55,slm,true
LOT-DEMO-0050,ETCH-01,CHAMBER-A,온도,58.0,62.0,,62.0,62.0,℃,true
LOT-DEMO-0050,ETCH-01,CHAMBER-A,압력,42.0,48.0,,47.0,47.0,mTorr,true
LOT-DEMO-0050,ETCH-01,GAS-CF4,유량,40.0,,,52,52,slm,true
LOT-DEMO-0050,ETCH-03,CHAMBER-B,온도,58.0,62.0,,58.0,58.0,℃,true
LOT-DEMO-0050,ETCH-03,CHAMBER-B,압력,42.0,48.0,,46.0,46.0,mTorr,true
LOT-DEMO-0050,ETCH-03,TOOL-KIT-7,Tool,7.0,,,6.0,6.0,,false
LOT-DEMO-0050,ETCH-05,CHAMBER-C,온도,58.0,62.0,,62.0,62.0,℃,true
LOT-DEMO-0050,ETCH-05,CHAMBER-C,압력,42.0,48.0,,47.0,47.0,mTorr,true
LOT-DEMO-0050,ETCH-05,GAS-CF4,유량,40.0,,,33,33,slm,false
LOT-DEMO-0051,ETCH-01,CHAMBER-A,온도,58.0,62.0,,58.0,58.0,℃,true
LOT-DEMO-0051,ETCH-01,CHAMBER-A,압력,42.0,48.0,,43.0,43.0,mTorr,true
LOT-DEMO-0051,ETCH-01,GAS-CF4,유량,40.0,,,30,30,slm,false
LOT-DEMO-0051,ETCH-03,CHAMBER-B,온도,58.0,62.0,,59.0,59.0,℃,true
LOT-DEMO-0051,ETCH-03,CHAMBER-B,압력,42.0,48.0,,47.0,47.0,mTorr,true
LOT-DEMO-0051,ETCH-03,TOOL-KIT-7,Tool,7.0,,,7.0,7.0,,true
LOT-DEMO-0051,ETCH-05,CHAMBER-C,온도,58.0,62.0,,63.0,63.0,℃,false
LOT-DEMO-0051,ETCH-05,CHAMBER-C,압력,42.0,48.0,,48.0,48.0,mTorr,true
LOT-DEMO-0051,ETCH-05,GAS-CF4,유량,40.0,,,40,40,slm,true
LOT-DEMO-0052,ETCH-01,CHAMBER-A,온도,58.0,62.0,,59.0,59.0,℃,true
LOT-DEMO-0052,ETCH-01,CHAMBER-A,압력,42.0,48.0,,44.0,44.0,mTorr,true
LOT-DEMO-0052,ETCH-01,GAS-CF4,유량,40.0,,,37,37,slm,false
LOT-DEMO-0052,ETCH-03,CHAMBER-B,온도,58.0,62.0,,60.0,60.0,℃,true
LOT-DEMO-0052,ETCH-03,CHAMBER-B,압력,42.0,48.0,,48.0,48.0,mTorr,true
LOT-DEMO-0052,ETCH-03,TOOL-KIT-7,Tool,7.0,,,8.0,8.0,,true
LOT-DEMO-0052,ETCH-05,CHAMBER-C,온도,58.0,62.0,,59.0,59.0,℃,true
LOT-DEMO-0052,ETCH-05,CHAMBER-C,압력,42.0,48.0,,44.0,44.0,mTorr,true
LOT-DEMO-0052,ETCH-05,GAS-CF4,유량,40.0,,,47,47,slm,true
LOT-DEMO-0053,ETCH-01,CHAMBER-A,온도,58.0,62.0,,60.0,60.0,℃,true
LOT-DEMO-0053,ETCH-01,CHAMBER-A,압력,42.0,48.0,,45.0,45.0,mTorr,true
LOT-DEMO-0053,ETCH-01,GAS-CF4,유량,40.0,,,44,44,slm,true
LOT-DEMO-0053,ETCH-03,CHAMBER-B,온도,58.0,62.0,,61.0,61.0,℃,true
LOT-DEMO-0053,ETCH-03,CHAMBER-B,압력,42.0,48.0,,49.0,49.0,mTorr,false
LOT-DEMO-0053,ETCH-03,TOOL-KIT-7,Tool,7.0,,,9.0,9.0,,true
LOT-DEMO-0053,ETCH-05,CHAMBER-C,온도,58.0,62.0,,60.0,60.0,℃,true
LOT-DEMO-0053,ETCH-05,CHAMBER-C,압력,42.0,48.0,,45.0,45.0,mTorr,true
LOT-DEMO-0053,ETCH-05,GAS-CF4,유량,40.0,,,54,54,slm,true
LOT-DEMO-0054,ETCH-01,CHAMBER-A,온도,58.0,62.0,,61.0,61.0,℃,true
LOT-DEMO-0054,ETCH-01,CHAMBER-A,압력,42.0,48.0,,46.0,46.0,mTorr,true
LOT-DEMO-0054,ETCH-01,GAS-CF4,유량,40.0,,,51,51,slm,true
LOT-DEMO-0054,ETCH-03,CHAMBER-B,온도,58.0,62.0,,57.0,57.0,℃,false
LOT-DEMO-0054,ETCH-03,CHAMBER-B,압력,42.0,48.0,,45.0,45.0,mTorr,true
LOT-DEMO-0054,ETCH-03,TOOL-KIT-7,Tool,7.0,,,5.0,5.0,,false
LOT-DEMO-0054,ETCH-05,CHAMBER-C,온도,58.0,62.0,,61.0,61.0,℃,true
LOT-DEMO-0054,ETCH-05,CHAMBER-C,압력,42.0,48.0,,46.0,46.0,mTorr,true
LOT-DEMO-0054,ETCH-05,GAS-CF4,유량,40.0,,,32,32,slm,false
LOT-DEMO-0055,ETCH-01,CHAMBER-A,온도,58.0,62.0,,62.0,62.0,℃,true
LOT-DEMO-0055,ETCH-01,CHAMBER-A,압력,42.0,48.0,,47.0,47.0,mTorr,true
LOT-DEMO-0055,ETCH-01,GAS-CF4,유량,40.0,,,29,29,slm,false
LOT-DEMO-0055,ETCH-03,CHAMBER-B,온도,58.0,62.0,,58.0,58.0,℃,true
LOT-DEMO-0055,ETCH-03,CHAMBER-B,압력,42.0,48.0,,46.0,46.0,mTorr,true
LOT-DEMO-0055,ETCH-03,TOOL-KIT-7,Tool,7.0,,,6.0,6.0,,false
LOT-DEMO-0055,ETCH-05,CHAMBER-C,온도,58.0,62.0,,62.0,62.0,℃,true
LOT-DEMO-0055,ETCH-05,CHAMBER-C,압력,42.0,48.0,,47.0,47.0,mTorr,true
LOT-DEMO-0055,ETCH-05,GAS-CF4,유량,40.0,,,39,39,slm,false
LOT-DEMO-0056,ETCH-01,CHAMBER-A,온도,58.0,62.0,,58.0,58.0,℃,true
LOT-DEMO-0056,ETCH-01,CHAMBER-A,압력,42.0,48.0,,43.0,43.0,mTorr,true
LOT-DEMO-0056,ETCH-01,GAS-CF4,유량,40.0,,,36,36,slm,false
LOT-DEMO-0056,ETCH-03,CHAMBER-B,온도,58.0,62.0,,59.0,59.0,℃,true
LOT-DEMO-0056,ETCH-03,CHAMBER-B,압력,42.0,48.0,,47.0,47.0,mTorr,true
LOT-DEMO-0056,ETCH-03,TOOL-KIT-7,Tool,7.0,,,7.0,7.0,,true
LOT-DEMO-0056,ETCH-05,CHAMBER-C,온도,58.0,62.0,,63.0,63.0,℃,false
LOT-DEMO-0056,ETCH-05,CHAMBER-C,압력,42.0,48.0,,48.0,48.0,mTorr,true
LOT-DEMO-0056,ETCH-05,GAS-CF4,유량,40.0,,,46,46,slm,true
LOT-DEMO-0057,ETCH-01,CHAMBER-A,온도,58.0,62.0,,59.0,59.0,℃,true
LOT-DEMO-0057,ETCH-01,CHAMBER-A,압력,42.0,48.0,,44.0,44.0,mTorr,true
LOT-DEMO-0057,ETCH-01,GAS-CF4,유량,40.0,,,43,43,slm,true
LOT-DEMO-0057,ETCH-03,CHAMBER-B,온도,58.0,62.0,,60.0,60.0,℃,true
LOT-DEMO-0057,ETCH-03,CHAMBER-B,압력,42.0,48.0,,48.0,48.0,mTorr,true
LOT-DEMO-0057,ETCH-03,TOOL-KIT-7,Tool,7.0,,,8.0,8.0,,true
LOT-DEMO-0057,ETCH-05,CHAMBER-C,온도,58.0,62.0,,59.0,59.0,℃,true
LOT-DEMO-0057,ETCH-05,CHAMBER-C,압력,42.0,48.0,,44.0,44.0,mTorr,true
LOT-DEMO-0057,ETCH-05,GAS-CF4,유량,40.0,,,53,53,slm,true
LOT-DEMO-0058,ETCH-01,CHAMBER-A,온도,58.0,62.0,,60.0,60.0,℃,true
LOT-DEMO-0058,ETCH-01,CHAMBER-A,압력,42.0,48.0,,45.0,45.0,mTorr,true
LOT-DEMO-0058,ETCH-01,GAS-CF4,유량,40.0,,,50,50,slm,true
LOT-DEMO-0058,ETCH-03,CHAMBER-B,온도,58.0,62.0,,61.0,61.0,℃,true
LOT-DEMO-0058,ETCH-03,CHAMBER-B,압력,42.0,48.0,,49.0,49.0,mTorr,false
LOT-DEMO-0058,ETCH-03,TOOL-KIT-7,Tool,7.0,,,9.0,9.0,,true
LOT-DEMO-0058,ETCH-05,CHAMBER-C,온도,58.0,62.0,,60.0,60.0,℃,true
LOT-DEMO-0058,ETCH-05,CHAMBER-C,압력,42.0,48.0,,45.0,45.0,mTorr,true
LOT-DEMO-0058,ETCH-05,GAS-CF4,유량,40.0,,,31,31,slm,false
LOT-DEMO-0059,ETCH-01,CHAMBER-A,온도,58.0,62.0,,61.0,61.0,℃,true
LOT-DEMO-0059,ETCH-01,CHAMBER-A,압력,42.0,48.0,,46.0,46.0,mTorr,true
LOT-DEMO-0059,ETCH-01,GAS-CF4,유량,40.0,,,28,28,slm,false
LOT-DEMO-0059,ETCH-03,CHAMBER-B,온도,58.0,62.0,,57.0,57.0,℃,false
LOT-DEMO-0059,ETCH-03,CHAMBER-B,압력,42.0,48.0,,45.0,45.0,mTorr,true
LOT-DEMO-0059,ETCH-03,TOOL-KIT-7,Tool,7.0,,,5.0,5.0,,false
LOT-DEMO-0059,ETCH-05,CHAMBER-C,온도,58.0,62.0,,61.0,61.0,℃,true
LOT-DEMO-0059,ETCH-05,CHAMBER-C,압력,42.0,48.0,,46.0,46.0,mTorr,true
LOT-DEMO-0059,ETCH-05,GAS-CF4,유량,40.0,,,38,38,slm,false
LOT-DEMO-0060,ETCH-01,CHAMBER-A,온도,58.0,62.0,,62.0,62.0,℃,true
LOT-DEMO-0060,ETCH-01,CHAMBER-A,압력,42.0,48.0,,47.0,47.0,mTorr,true
LOT-DEMO-0060,ETCH-01,GAS-CF4,유량,40.0,,,35,35,slm,false
LOT-DEMO-0060,ETCH-03,CHAMBER-B,온도,58.0,62.0,,58.0,58.0,℃,true
LOT-DEMO-0060,ETCH-03,CHAMBER-B,압력,42.0,48.0,,46.0,46.0,mTorr,true
LOT-DEMO-0060,ETCH-03,TOOL-KIT-7,Tool,7.0,,,6.0,6.0,,false
LOT-DEMO-0060,ETCH-05,CHAMBER-C,온도,58.0,62.0,,62.0,62.0,℃,true
LOT-DEMO-0060,ETCH-05,CHAMBER-C,압력,42.0,48.0,,47.0,47.0,mTorr,true
LOT-DEMO-0060,ETCH-05,GAS-CF4,유량,40.0,,,45,45,slm,true
LOT-DEMO-0061,ETCH-01,CHAMBER-A,온도,58.0,62.0,,58.0,58.0,℃,true
LOT-DEMO-0061,ETCH-01,CHAMBER-A,압력,42.0,48.0,,43.0,43.0,mTorr,true
LOT-DEMO-0061,ETCH-01,GAS-CF4,유량,40.0,,,42,42,slm,true
LOT-DEMO-0061,ETCH-03,CHAMBER-B,온도,58.0,62.0,,59.0,59.0,℃,true
LOT-DEMO-0061,ETCH-03,CHAMBER-B,압력,42.0,48.0,,47.0,47.0,mTorr,true
LOT-DEMO-0061,ETCH-03,TOOL-KIT-7,Tool,7.0,,,7.0,7.0,,true
LOT-DEMO-0061,ETCH-05,CHAMBER-C,온도,58.0,62.0,,63.0,63.0,℃,false
LOT-DEMO-0061,ETCH-05,CHAMBER-C,압력,42.0,48.0,,48.0,48.0,mTorr,true
LOT-DEMO-0061,ETCH-05,GAS-CF4,유량,40.0,,,52,52,slm,true
LOT-DEMO-0062,ETCH-01,CHAMBER-A,온도,58.0,62.0,,59.0,59.0,℃,true
LOT-DEMO-0062,ETCH-01,CHAMBER-A,압력,42.0,48.0,,44.0,44.0,mTorr,true
LOT-DEMO-0062,ETCH-01,GAS-CF4,유량,40.0,,,49,49,slm,true
LOT-DEMO-0062,ETCH-03,CHAMBER-B,온도,58.0,62.0,,60.0,60.0,℃,true
LOT-DEMO-0062,ETCH-03,CHAMBER-B,압력,42.0,48.0,,48.0,48.0,mTorr,true
LOT-DEMO-0062,ETCH-03,TOOL-KIT-7,Tool,7.0,,,8.0,8.0,,true
LOT-DEMO-0062,ETCH-05,CHAMBER-C,온도,58.0,62.0,,59.0,59.0,℃,true
LOT-DEMO-0062,ETCH-05,CHAMBER-C,압력,42.0,48.0,,44.0,44.0,mTorr,true
LOT-DEMO-0062,ETCH-05,GAS-CF4,유량,40.0,,,30,30,slm,false
LOT-DEMO-0063,ETCH-01,CHAMBER-A,온도,58.0,62.0,,60.0,60.0,℃,true
LOT-DEMO-0063,ETCH-01,CHAMBER-A,압력,42.0,48.0,,45.0,45.0,mTorr,true
LOT-DEMO-0063,ETCH-01,GAS-CF4,유량,40.0,,,56,56,slm,true
LOT-DEMO-0063,ETCH-03,CHAMBER-B,온도,58.0,62.0,,61.0,61.0,℃,true
LOT-DEMO-0063,ETCH-03,CHAMBER-B,압력,42.0,48.0,,49.0,49.0,mTorr,false
LOT-DEMO-0063,ETCH-03,TOOL-KIT-7,Tool,7.0,,,9.0,9.0,,true
LOT-DEMO-0063,ETCH-05,CHAMBER-C,온도,58.0,62.0,,60.0,60.0,℃,true
LOT-DEMO-0063,ETCH-05,CHAMBER-C,압력,42.0,48.0,,45.0,45.0,mTorr,true
LOT-DEMO-0063,ETCH-05,GAS-CF4,유량,40.0,,,37,37,slm,false
LOT-DEMO-0064,ETCH-01,CHAMBER-A,온도,58.0,62.0,,61.0,61.0,℃,true
LOT-DEMO-0064,ETCH-01,CHAMBER-A,압력,42.0,48.0,,46.0,46.0,mTorr,true
LOT-DEMO-0064,ETCH-01,GAS-CF4,유량,40.0,,,34,34,slm,false
LOT-DEMO-0064,ETCH-03,CHAMBER-B,온도,58.0,62.0,,57.0,57.0,℃,false
LOT-DEMO-0064,ETCH-03,CHAMBER-B,압력,42.0,48.0,,45.0,45.0,mTorr,true
LOT-DEMO-0064,ETCH-03,TOOL-KIT-7,Tool,7.0,,,5.0,5.0,,false
LOT-DEMO-0064,ETCH-05,CHAMBER-C,온도,58.0,62.0,,61.0,61.0,℃,true
LOT-DEMO-0064,ETCH-05,CHAMBER-C,압력,42.0,48.0,,46.0,46.0,mTorr,true
LOT-DEMO-0064,ETCH-05,GAS-CF4,유량,40.0,,,44,44,slm,true
LOT-DEMO-0065,ETCH-01,CHAMBER-A,온도,58.0,62.0,,62.0,62.0,℃,true
LOT-DEMO-0065,ETCH-01,CHAMBER-A,압력,42.0,48.0,,47.0,47.0,mTorr,true
LOT-DEMO-0065,ETCH-01,GAS-CF4,유량,40.0,,,41,41,slm,true
LOT-DEMO-0065,ETCH-03,CHAMBER-B,온도,58.0,62.0,,58.0,58.0,℃,true
LOT-DEMO-0065,ETCH-03,CHAMBER-B,압력,42.0,48.0,,46.0,46.0,mTorr,true
LOT-DEMO-0065,ETCH-03,TOOL-KIT-7,Tool,7.0,,,6.0,6.0,,false
LOT-DEMO-0065,ETCH-05,CHAMBER-C,온도,58.0,62.0,,62.0,62.0,℃,true
LOT-DEMO-0065,ETCH-05,CHAMBER-C,압력,42.0,48.0,,47.0,47.0,mTorr,true
LOT-DEMO-0065,ETCH-05,GAS-CF4,유량,40.0,,,51,51,slm,true
LOT-DEMO-0066,ETCH-01,CHAMBER-A,온도,58.0,62.0,,58.0,58.0,℃,true
LOT-DEMO-0066,ETCH-01,CHAMBER-A,압력,42.0,48.0,,43.0,43.0,mTorr,true
LOT-DEMO-0066,ETCH-01,GAS-CF4,유량,40.0,,,48,48,slm,true
LOT-DEMO-0066,ETCH-03,CHAMBER-B,온도,58.0,62.0,,59.0,59.0,℃,true
LOT-DEMO-0066,ETCH-03,CHAMBER-B,압력,42.0,48.0,,47.0,47.0,mTorr,true
LOT-DEMO-0066,ETCH-03,TOOL-KIT-7,Tool,7.0,,,7.0,7.0,,true
LOT-DEMO-0066,ETCH-05,CHAMBER-C,온도,58.0,62.0,,63.0,63.0,℃,false
LOT-DEMO-0066,ETCH-05,CHAMBER-C,압력,42.0,48.0,,48.0,48.0,mTorr,true
LOT-DEMO-0066,ETCH-05,GAS-CF4,유량,40.0,,,29,29,slm,false
LOT-DEMO-0067,ETCH-01,CHAMBER-A,온도,58.0,62.0,,59.0,59.0,℃,true
LOT-DEMO-0067,ETCH-01,CHAMBER-A,압력,42.0,48.0,,44.0,44.0,mTorr,true
LOT-DEMO-0067,ETCH-01,GAS-CF4,유량,40.0,,,55,55,slm,true
LOT-DEMO-0067,ETCH-03,CHAMBER-B,온도,58.0,62.0,,60.0,60.0,℃,true
LOT-DEMO-0067,ETCH-03,CHAMBER-B,압력,42.0,48.0,,48.0,48.0,mTorr,true
LOT-DEMO-0067,ETCH-03,TOOL-KIT-7,Tool,7.0,,,8.0,8.0,,true
LOT-DEMO-0067,ETCH-05,CHAMBER-C,온도,58.0,62.0,,59.0,59.0,℃,true
LOT-DEMO-0067,ETCH-05,CHAMBER-C,압력,42.0,48.0,,44.0,44.0,mTorr,true
LOT-DEMO-0067,ETCH-05,GAS-CF4,유량,40.0,,,36,36,slm,false
LOT-DEMO-0068,ETCH-01,CHAMBER-A,온도,58.0,62.0,,60.0,60.0,℃,true
LOT-DEMO-0068,ETCH-01,CHAMBER-A,압력,42.0,48.0,,45.0,45.0,mTorr,true
LOT-DEMO-0068,ETCH-01,GAS-CF4,유량,40.0,,,33,33,slm,false
LOT-DEMO-0068,ETCH-03,CHAMBER-B,온도,58.0,62.0,,61.0,61.0,℃,true
LOT-DEMO-0068,ETCH-03,CHAMBER-B,압력,42.0,48.0,,49.0,49.0,mTorr,false
LOT-DEMO-0068,ETCH-03,TOOL-KIT-7,Tool,7.0,,,9.0,9.0,,true
LOT-DEMO-0068,ETCH-05,CHAMBER-C,온도,58.0,62.0,,60.0,60.0,℃,true
LOT-DEMO-0068,ETCH-05,CHAMBER-C,압력,42.0,48.0,,45.0,45.0,mTorr,true
LOT-DEMO-0068,ETCH-05,GAS-CF4,유량,40.0,,,43,43,slm,true
LOT-DEMO-0069,ETCH-01,CHAMBER-A,온도,58.0,62.0,,61.0,61.0,℃,true
LOT-DEMO-0069,ETCH-01,CHAMBER-A,압력,42.0,48.0,,46.0,46.0,mTorr,true
LOT-DEMO-0069,ETCH-01,GAS-CF4,유량,40.0,,,40,40,slm,true
LOT-DEMO-0069,ETCH-03,CHAMBER-B,온도,58.0,62.0,,57.0,57.0,℃,false
LOT-DEMO-0069,ETCH-03,CHAMBER-B,압력,42.0,48.0,,45.0,45.0,mTorr,true
LOT-DEMO-0069,ETCH-03,TOOL-KIT-7,Tool,7.0,,,5.0,5.0,,false
LOT-DEMO-0069,ETCH-05,CHAMBER-C,온도,58.0,62.0,,61.0,61.0,℃,true
LOT-DEMO-0069,ETCH-05,CHAMBER-C,압력,42.0,48.0,,46.0,46.0,mTorr,true
LOT-DEMO-0069,ETCH-05,GAS-CF4,유량,40.0,,,50,50,slm,true
LOT-DEMO-0070,ETCH-01,CHAMBER-A,온도,58.0,62.0,,62.0,62.0,℃,true
LOT-DEMO-0070,ETCH-01,CHAMBER-A,압력,42.0,48.0,,47.0,47.0,mTorr,true
LOT-DEMO-0070,ETCH-01,GAS-CF4,유량,40.0,,,47,47,slm,true
LOT-DEMO-0070,ETCH-03,CHAMBER-B,온도,58.0,62.0,,58.0,58.0,℃,true
LOT-DEMO-0070,ETCH-03,CHAMBER-B,압력,42.0,48.0,,46.0,46.0,mTorr,true
LOT-DEMO-0070,ETCH-03,TOOL-KIT-7,Tool,7.0,,,6.0,6.0,,false
LOT-DEMO-0070,ETCH-05,CHAMBER-C,온도,58.0,62.0,,62.0,62.0,℃,true
LOT-DEMO-0070,ETCH-05,CHAMBER-C,압력,42.0,48.0,,47.0,47.0,mTorr,true
LOT-DEMO-0070,ETCH-05,GAS-CF4,유량,40.0,,,28,28,slm,false
LOT-DEMO-0071,ETCH-01,CHAMBER-A,온도,58.0,62.0,,58.0,58.0,℃,true
LOT-DEMO-0071,ETCH-01,CHAMBER-A,압력,42.0,48.0,,43.0,43.0,mTorr,true
LOT-DEMO-0071,ETCH-01,GAS-CF4,유량,40.0,,,54,54,slm,true
LOT-DEMO-0071,ETCH-03,CHAMBER-B,온도,58.0,62.0,,59.0,59.0,℃,true
LOT-DEMO-0071,ETCH-03,CHAMBER-B,압력,42.0,48.0,,47.0,47.0,mTorr,true
LOT-DEMO-0071,ETCH-03,TOOL-KIT-7,Tool,7.0,,,7.0,7.0,,true
LOT-DEMO-0071,ETCH-05,CHAMBER-C,온도,58.0,62.0,,63.0,63.0,℃,false
LOT-DEMO-0071,ETCH-05,CHAMBER-C,압력,42.0,48.0,,48.0,48.0,mTorr,true
LOT-DEMO-0071,ETCH-05,GAS-CF4,유량,40.0,,,35,35,slm,false
LOT-DEMO-0072,ETCH-01,CHAMBER-A,온도,58.0,62.0,,59.0,59.0,℃,true
LOT-DEMO-0072,ETCH-01,CHAMBER-A,압력,42.0,48.0,,44.0,44.0,mTorr,true
LOT-DEMO-0072,ETCH-01,GAS-CF4,유량,40.0,,,32,32,slm,false
LOT-DEMO-0072,ETCH-03,CHAMBER-B,온도,58.0,62.0,,60.0,60.0,℃,true
LOT-DEMO-0072,ETCH-03,CHAMBER-B,압력,42.0,48.0,,48.0,48.0,mTorr,true
LOT-DEMO-0072,ETCH-03,TOOL-KIT-7,Tool,7.0,,,8.0,8.0,,true
LOT-DEMO-0072,ETCH-05,CHAMBER-C,온도,58.0,62.0,,59.0,59.0,℃,true
LOT-DEMO-0072,ETCH-05,CHAMBER-C,압력,42.0,48.0,,44.0,44.0,mTorr,true
LOT-DEMO-0072,ETCH-05,GAS-CF4,유량,40.0,,,42,42,slm,true
LOT-DEMO-0073,ETCH-01,CHAMBER-A,온도,58.0,62.0,,60.0,60.0,℃,true
LOT-DEMO-0073,ETCH-01,CHAMBER-A,압력,42.0,48.0,,45.0,45.0,mTorr,true
LOT-DEMO-0073,ETCH-01,GAS-CF4,유량,40.0,,,39,39,slm,false
LOT-DEMO-0073,ETCH-03,CHAMBER-B,온도,58.0,62.0,,61.0,61.0,℃,true
LOT-DEMO-0073,ETCH-03,CHAMBER-B,압력,42.0,48.0,,49.0,49.0,mTorr,false
LOT-DEMO-0073,ETCH-03,TOOL-KIT-7,Tool,7.0,,,9.0,9.0,,true
LOT-DEMO-0073,ETCH-05,CHAMBER-C,온도,58.0,62.0,,60.0,60.0,℃,true
LOT-DEMO-0073,ETCH-05,CHAMBER-C,압력,42.0,48.0,,45.0,45.0,mTorr,true
LOT-DEMO-0073,ETCH-05,GAS-CF4,유량,40.0,,,49,49,slm,true
LOT-DEMO-0074,ETCH-01,CHAMBER-A,온도,58.0,62.0,,61.0,61.0,℃,true
LOT-DEMO-0074,ETCH-01,CHAMBER-A,압력,42.0,48.0,,46.0,46.0,mTorr,true
LOT-DEMO-0074,ETCH-01,GAS-CF4,유량,40.0,,,46,46,slm,true
LOT-DEMO-0074,ETCH-03,CHAMBER-B,온도,58.0,62.0,,57.0,57.0,℃,false
LOT-DEMO-0074,ETCH-03,CHAMBER-B,압력,42.0,48.0,,45.0,45.0,mTorr,true
LOT-DEMO-0074,ETCH-03,TOOL-KIT-7,Tool,7.0,,,5.0,5.0,,false
LOT-DEMO-0074,ETCH-05,CHAMBER-C,온도,58.0,62.0,,61.0,61.0,℃,true
LOT-DEMO-0074,ETCH-05,CHAMBER-C,압력,42.0,48.0,,46.0,46.0,mTorr,true
LOT-DEMO-0074,ETCH-05,GAS-CF4,유량,40.0,,,56,56,slm,true
LOT-DEMO-0075,ETCH-01,CHAMBER-A,온도,58.0,62.0,,62.0,62.0,℃,true
LOT-DEMO-0075,ETCH-01,CHAMBER-A,압력,42.0,48.0,,47.0,47.0,mTorr,true
LOT-DEMO-0075,ETCH-01,GAS-CF4,유량,40.0,,,53,53,slm,true
LOT-DEMO-0075,ETCH-03,CHAMBER-B,온도,58.0,62.0,,58.0,58.0,℃,true
LOT-DEMO-0075,ETCH-03,CHAMBER-B,압력,42.0,48.0,,46.0,46.0,mTorr,true
LOT-DEMO-0075,ETCH-03,TOOL-KIT-7,Tool,7.0,,,6.0,6.0,,false
LOT-DEMO-0075,ETCH-05,CHAMBER-C,온도,58.0,62.0,,62.0,62.0,℃,true
LOT-DEMO-0075,ETCH-05,CHAMBER-C,압력,42.0,48.0,,47.0,47.0,mTorr,true
LOT-DEMO-0075,ETCH-05,GAS-CF4,유량,40.0,,,34,34,slm,false
LOT-DEMO-0076,ETCH-01,CHAMBER-A,온도,58.0,62.0,,58.0,58.0,℃,true
LOT-DEMO-0076,ETCH-01,CHAMBER-A,압력,42.0,48.0,,43.0,43.0,mTorr,true
LOT-DEMO-0076,ETCH-01,GAS-CF4,유량,40.0,,,31,31,slm,false
LOT-DEMO-0076,ETCH-03,CHAMBER-B,온도,58.0,62.0,,59.0,59.0,℃,true
LOT-DEMO-0076,ETCH-03,CHAMBER-B,압력,42.0,48.0,,47.0,47.0,mTorr,true
LOT-DEMO-0076,ETCH-03,TOOL-KIT-7,Tool,7.0,,,7.0,7.0,,true
LOT-DEMO-0076,ETCH-05,CHAMBER-C,온도,58.0,62.0,,63.0,63.0,℃,false
LOT-DEMO-0076,ETCH-05,CHAMBER-C,압력,42.0,48.0,,48.0,48.0,mTorr,true
LOT-DEMO-0076,ETCH-05,GAS-CF4,유량,40.0,,,41,41,slm,true
LOT-DEMO-0077,ETCH-01,CHAMBER-A,온도,58.0,62.0,,59.0,59.0,℃,true
LOT-DEMO-0077,ETCH-01,CHAMBER-A,압력,42.0,48.0,,44.0,44.0,mTorr,true
LOT-DEMO-0077,ETCH-01,GAS-CF4,유량,40.0,,,38,38,slm,false
LOT-DEMO-0077,ETCH-03,CHAMBER-B,온도,58.0,62.0,,60.0,60.0,℃,true
LOT-DEMO-0077,ETCH-03,CHAMBER-B,압력,42.0,48.0,,48.0,48.0,mTorr,true
LOT-DEMO-0077,ETCH-03,TOOL-KIT-7,Tool,7.0,,,8.0,8.0,,true
LOT-DEMO-0077,ETCH-05,CHAMBER-C,온도,58.0,62.0,,59.0,59.0,℃,true
LOT-DEMO-0077,ETCH-05,CHAMBER-C,압력,42.0,48.0,,44.0,44.0,mTorr,true
LOT-DEMO-0077,ETCH-05,GAS-CF4,유량,40.0,,,48,48,slm,true
LOT-DEMO-0078,ETCH-01,CHAMBER-A,온도,58.0,62.0,,60.0,60.0,℃,true
LOT-DEMO-0078,ETCH-01,CHAMBER-A,압력,42.0,48.0,,45.0,45.0,mTorr,true
LOT-DEMO-0078,ETCH-01,GAS-CF4,유량,40.0,,,45,45,slm,true
LOT-DEMO-0078,ETCH-03,CHAMBER-B,온도,58.0,62.0,,61.0,61.0,℃,true
LOT-DEMO-0078,ETCH-03,CHAMBER-B,압력,42.0,48.0,,49.0,49.0,mTorr,false
LOT-DEMO-0078,ETCH-03,TOOL-KIT-7,Tool,7.0,,,9.0,9.0,,true
LOT-DEMO-0078,ETCH-05,CHAMBER-C,온도,58.0,62.0,,60.0,60.0,℃,true
LOT-DEMO-0078,ETCH-05,CHAMBER-C,압력,42.0,48.0,,45.0,45.0,mTorr,true
LOT-DEMO-0078,ETCH-05,GAS-CF4,유량,40.0,,,55,55,slm,true
LOT-DEMO-0079,ETCH-01,CHAMBER-A,온도,58.0,62.0,,61.0,61.0,℃,true
LOT-DEMO-0079,ETCH-01,CHAMBER-A,압력,42.0,48.0,,46.0,46.0,mTorr,true
LOT-DEMO-0079,ETCH-01,GAS-CF4,유량,40.0,,,52,52,slm,true
LOT-DEMO-0079,ETCH-03,CHAMBER-B,온도,58.0,62.0,,57.0,57.0,℃,false
LOT-DEMO-0079,ETCH-03,CHAMBER-B,압력,42.0,48.0,,45.0,45.0,mTorr,true
LOT-DEMO-0079,ETCH-03,TOOL-KIT-7,Tool,7.0,,,5.0,5.0,,false
LOT-DEMO-0079,ETCH-05,CHAMBER-C,온도,58.0,62.0,,61.0,61.0,℃,true
LOT-DEMO-0079,ETCH-05,CHAMBER-C,압력,42.0,48.0,,46.0,46.0,mTorr,true
LOT-DEMO-0079,ETCH-05,GAS-CF4,유량,40.0,,,33,33,slm,false
LOT-DEMO-0080,ETCH-01,CHAMBER-A,온도,58.0,62.0,,62.0,62.0,℃,true
LOT-DEMO-0080,ETCH-01,CHAMBER-A,압력,42.0,48.0,,47.0,47.0,mTorr,true
LOT-DEMO-0080,ETCH-01,GAS-CF4,유량,40.0,,,30,30,slm,false
LOT-DEMO-0080,ETCH-03,CHAMBER-B,온도,58.0,62.0,,58.0,58.0,℃,true
LOT-DEMO-0080,ETCH-03,CHAMBER-B,압력,42.0,48.0,,46.0,46.0,mTorr,true
LOT-DEMO-0080,ETCH-03,TOOL-KIT-7,Tool,7.0,,,6.0,6.0,,false
LOT-DEMO-0080,ETCH-05,CHAMBER-C,온도,58.0,62.0,,62.0,62.0,℃,true
LOT-DEMO-0080,ETCH-05,CHAMBER-C,압력,42.0,48.0,,47.0,47.0,mTorr,true
LOT-DEMO-0080,ETCH-05,GAS-CF4,유량,40.0,,,40,40,slm,true
LOT-DEMO-0081,ETCH-01,CHAMBER-A,온도,58.0,62.0,,58.0,58.0,℃,true
LOT-DEMO-0081,ETCH-01,CHAMBER-A,압력,42.0,48.0,,43.0,43.0,mTorr,true
LOT-DEMO-0081,ETCH-01,GAS-CF4,유량,40.0,,,37,37,slm,false
LOT-DEMO-0081,ETCH-03,CHAMBER-B,온도,58.0,62.0,,59.0,59.0,℃,true
LOT-DEMO-0081,ETCH-03,CHAMBER-B,압력,42.0,48.0,,47.0,47.0,mTorr,true
LOT-DEMO-0081,ETCH-03,TOOL-KIT-7,Tool,7.0,,,7.0,7.0,,true
LOT-DEMO-0081,ETCH-05,CHAMBER-C,온도,58.0,62.0,,63.0,63.0,℃,false
LOT-DEMO-0081,ETCH-05,CHAMBER-C,압력,42.0,48.0,,48.0,48.0,mTorr,true
LOT-DEMO-0081,ETCH-05,GAS-CF4,유량,40.0,,,47,47,slm,true
LOT-DEMO-0082,ETCH-01,CHAMBER-A,온도,58.0,62.0,,59.0,59.0,℃,true
LOT-DEMO-0082,ETCH-01,CHAMBER-A,압력,42.0,48.0,,44.0,44.0,mTorr,true
LOT-DEMO-0082,ETCH-01,GAS-CF4,유량,40.0,,,44,44,slm,true
LOT-DEMO-0082,ETCH-03,CHAMBER-B,온도,58.0,62.0,,60.0,60.0,℃,true
LOT-DEMO-0082,ETCH-03,CHAMBER-B,압력,42.0,48.0,,48.0,48.0,mTorr,true
LOT-DEMO-0082,ETCH-03,TOOL-KIT-7,Tool,7.0,,,8.0,8.0,,true
LOT-DEMO-0082,ETCH-05,CHAMBER-C,온도,58.0,62.0,,59.0,59.0,℃,true
LOT-DEMO-0082,ETCH-05,CHAMBER-C,압력,42.0,48.0,,44.0,44.0,mTorr,true
LOT-DEMO-0082,ETCH-05,GAS-CF4,유량,40.0,,,54,54,slm,true
LOT-DEMO-0083,ETCH-01,CHAMBER-A,온도,58.0,62.0,,60.0,60.0,℃,true
LOT-DEMO-0083,ETCH-01,CHAMBER-A,압력,42.0,48.0,,45.0,45.0,mTorr,true
LOT-DEMO-0083,ETCH-01,GAS-CF4,유량,40.0,,,51,51,slm,true
LOT-DEMO-0083,ETCH-03,CHAMBER-B,온도,58.0,62.0,,61.0,61.0,℃,true
LOT-DEMO-0083,ETCH-03,CHAMBER-B,압력,42.0,48.0,,49.0,49.0,mTorr,false
LOT-DEMO-0083,ETCH-03,TOOL-KIT-7,Tool,7.0,,,9.0,9.0,,true
LOT-DEMO-0083,ETCH-05,CHAMBER-C,온도,58.0,62.0,,60.0,60.0,℃,true
LOT-DEMO-0083,ETCH-05,CHAMBER-C,압력,42.0,48.0,,45.0,45.0,mTorr,true
LOT-DEMO-0083,ETCH-05,GAS-CF4,유량,40.0,,,32,32,slm,false
LOT-DEMO-0084,ETCH-01,CHAMBER-A,온도,58.0,62.0,,61.0,61.0,℃,true
LOT-DEMO-0084,ETCH-01,CHAMBER-A,압력,42.0,48.0,,46.0,46.0,mTorr,true
LOT-DEMO-0084,ETCH-01,GAS-CF4,유량,40.0,,,29,29,slm,false
LOT-DEMO-0084,ETCH-03,CHAMBER-B,온도,58.0,62.0,,57.0,57.0,℃,false
LOT-DEMO-0084,ETCH-03,CHAMBER-B,압력,42.0,48.0,,45.0,45.0,mTorr,true
LOT-DEMO-0084,ETCH-03,TOOL-KIT-7,Tool,7.0,,,5.0,5.0,,false
LOT-DEMO-0084,ETCH-05,CHAMBER-C,온도,58.0,62.0,,61.0,61.0,℃,true
LOT-DEMO-0084,ETCH-05,CHAMBER-C,압력,42.0,48.0,,46.0,46.0,mTorr,true
LOT-DEMO-0084,ETCH-05,GAS-CF4,유량,40.0,,,39,39,slm,false
LOT-DEMO-0085,ETCH-01,CHAMBER-A,온도,58.0,62.0,,62.0,62.0,℃,true
LOT-DEMO-0085,ETCH-01,CHAMBER-A,압력,42.0,48.0,,47.0,47.0,mTorr,true
LOT-DEMO-0085,ETCH-01,GAS-CF4,유량,40.0,,,36,36,slm,false
LOT-DEMO-0085,ETCH-03,CHAMBER-B,온도,58.0,62.0,,58.0,58.0,℃,true
LOT-DEMO-0085,ETCH-03,CHAMBER-B,압력,42.0,48.0,,46.0,46.0,mTorr,true
LOT-DEMO-0085,ETCH-03,TOOL-KIT-7,Tool,7.0,,,6.0,6.0,,false
LOT-DEMO-0085,ETCH-05,CHAMBER-C,온도,58.0,62.0,,62.0,62.0,℃,true
LOT-DEMO-0085,ETCH-05,CHAMBER-C,압력,42.0,48.0,,47.0,47.0,mTorr,true
LOT-DEMO-0085,ETCH-05,GAS-CF4,유량,40.0,,,46,46,slm,true
LOT-DEMO-0086,ETCH-01,CHAMBER-A,온도,58.0,62.0,,58.0,58.0,℃,true
LOT-DEMO-0086,ETCH-01,CHAMBER-A,압력,42.0,48.0,,43.0,43.0,mTorr,true
LOT-DEMO-0086,ETCH-01,GAS-CF4,유량,40.0,,,43,43,slm,true
LOT-DEMO-0086,ETCH-03,CHAMBER-B,온도,58.0,62.0,,59.0,59.0,℃,true
LOT-DEMO-0086,ETCH-03,CHAMBER-B,압력,42.0,48.0,,47.0,47.0,mTorr,true
LOT-DEMO-0086,ETCH-03,TOOL-KIT-7,Tool,7.0,,,7.0,7.0,,true
LOT-DEMO-0086,ETCH-05,CHAMBER-C,온도,58.0,62.0,,63.0,63.0,℃,false
LOT-DEMO-0086,ETCH-05,CHAMBER-C,압력,42.0,48.0,,48.0,48.0,mTorr,true
LOT-DEMO-0086,ETCH-05,GAS-CF4,유량,40.0,,,53,53,slm,true
LOT-DEMO-0087,ETCH-01,CHAMBER-A,온도,58.0,62.0,,59.0,59.0,℃,true
LOT-DEMO-0087,ETCH-01,CHAMBER-A,압력,42.0,48.0,,44.0,44.0,mTorr,true
LOT-DEMO-0087,ETCH-01,GAS-CF4,유량,40.0,,,50,50,slm,true
LOT-DEMO-0087,ETCH-03,CHAMBER-B,온도,58.0,62.0,,60.0,60.0,℃,true
LOT-DEMO-0087,ETCH-03,CHAMBER-B,압력,42.0,48.0,,48.0,48.0,mTorr,true
LOT-DEMO-0087,ETCH-03,TOOL-KIT-7,Tool,7.0,,,8.0,8.0,,true
LOT-DEMO-0087,ETCH-05,CHAMBER-C,온도,58.0,62.0,,59.0,59.0,℃,true
LOT-DEMO-0087,ETCH-05,CHAMBER-C,압력,42.0,48.0,,44.0,44.0,mTorr,true
LOT-DEMO-0087,ETCH-05,GAS-CF4,유량,40.0,,,31,31,slm,false
LOT-DEMO-0088,ETCH-01,CHAMBER-A,온도,58.0,62.0,,60.0,60.0,℃,true
LOT-DEMO-0088,ETCH-01,CHAMBER-A,압력,42.0,48.0,,45.0,45.0,mTorr,true
LOT-DEMO-0088,ETCH-01,GAS-CF4,유량,40.0,,,28,28,slm,false
LOT-DEMO-0088,ETCH-03,CHAMBER-B,온도,58.0,62.0,,61.0,61.0,℃,true
LOT-DEMO-0088,ETCH-03,CHAMBER-B,압력,42.0,48.0,,49.0,49.0,mTorr,false
LOT-DEMO-0088,ETCH-03,TOOL-KIT-7,Tool,7.0,,,9.0,9.0,,true
LOT-DEMO-0088,ETCH-05,CHAMBER-C,온도,58.0,62.0,,60.0,60.0,℃,true
LOT-DEMO-0088,ETCH-05,CHAMBER-C,압력,42.0,48.0,,45.0,45.0,mTorr,true
LOT-DEMO-0088,ETCH-05,GAS-CF4,유량,40.0,,,38,38,slm,false
LOT-DEMO-0089,ETCH-01,CHAMBER-A,온도,58.0,62.0,,61.0,61.0,℃,true
LOT-DEMO-0089,ETCH-01,CHAMBER-A,압력,42.0,48.0,,46.0,46.0,mTorr,true
LOT-DEMO-0089,ETCH-01,GAS-CF4,유량,40.0,,,35,35,slm,false
LOT-DEMO-0089,ETCH-03,CHAMBER-B,온도,58.0,62.0,,57.0,57.0,℃,false
LOT-DEMO-0089,ETCH-03,CHAMBER-B,압력,42.0,48.0,,45.0,45.0,mTorr,true
LOT-DEMO-0089,ETCH-03,TOOL-KIT-7,Tool,7.0,,,5.0,5.0,,false
LOT-DEMO-0089,ETCH-05,CHAMBER-C,온도,58.0,62.0,,61.0,61.0,℃,true
LOT-DEMO-0089,ETCH-05,CHAMBER-C,압력,42.0,48.0,,46.0,46.0,mTorr,true
LOT-DEMO-0089,ETCH-05,GAS-CF4,유량,40.0,,,45,45,slm,true
LOT-DEMO-0090,ETCH-01,CHAMBER-A,온도,58.0,62.0,,62.0,62.0,℃,true
LOT-DEMO-0090,ETCH-01,CHAMBER-A,압력,42.0,48.0,,47.0,47.0,mTorr,true
LOT-DEMO-0090,ETCH-01,GAS-CF4,유량,40.0,,,42,42,slm,true
LOT-DEMO-0090,ETCH-03,CHAMBER-B,온도,58.0,62.0,,58.0,58.0,℃,true
LOT-DEMO-0090,ETCH-03,CHAMBER-B,압력,42.0,48.0,,46.0,46.0,mTorr,true
LOT-DEMO-0090,ETCH-03,TOOL-KIT-7,Tool,7.0,,,6.0,6.0,,false
LOT-DEMO-0090,ETCH-05,CHAMBER-C,온도,58.0,62.0,,62.0,62.0,℃,true
LOT-DEMO-0090,ETCH-05,CHAMBER-C,압력,42.0,48.0,,47.0,47.0,mTorr,true
LOT-DEMO-0090,ETCH-05,GAS-CF4,유량,40.0,,,52,52,slm,true
LOT-DEMO-0091,ETCH-01,CHAMBER-A,온도,58.0,62.0,,58.0,58.0,℃,true
LOT-DEMO-0091,ETCH-01,CHAMBER-A,압력,42.0,48.0,,43.0,43.0,mTorr,true
LOT-DEMO-0091,ETCH-01,GAS-CF4,유량,40.0,,,49,49,slm,true
LOT-DEMO-0091,ETCH-03,CHAMBER-B,온도,58.0,62.0,,59.0,59.0,℃,true
LOT-DEMO-0091,ETCH-03,CHAMBER-B,압력,42.0,48.0,,47.0,47.0,mTorr,true
LOT-DEMO-0091,ETCH-03,TOOL-KIT-7,Tool,7.0,,,7.0,7.0,,true
LOT-DEMO-0091,ETCH-05,CHAMBER-C,온도,58.0,62.0,,63.0,63.0,℃,false
LOT-DEMO-0091,ETCH-05,CHAMBER-C,압력,42.0,48.0,,48.0,48.0,mTorr,true
LOT-DEMO-0091,ETCH-05,GAS-CF4,유량,40.0,,,30,30,slm,false
LOT-DEMO-0092,ETCH-01,CHAMBER-A,온도,58.0,62.0,,59.0,59.0,℃,true
LOT-DEMO-0092,ETCH-01,CHAMBER-A,압력,42.0,48.0,,44.0,44.0,mTorr,true
LOT-DEMO-0092,ETCH-01,GAS-CF4,유량,40.0,,,56,56,slm,true
LOT-DEMO-0092,ETCH-03,CHAMBER-B,온도,58.0,62.0,,60.0,60.0,℃,true
LOT-DEMO-0092,ETCH-03,CHAMBER-B,압력,42.0,48.0,,48.0,48.0,mTorr,true
LOT-DEMO-0092,ETCH-03,TOOL-KIT-7,Tool,7.0,,,8.0,8.0,,true
LOT-DEMO-0092,ETCH-05,CHAMBER-C,온도,58.0,62.0,,59.0,59.0,℃,true
LOT-DEMO-0092,ETCH-05,CHAMBER-C,압력,42.0,48.0,,44.0,44.0,mTorr,true
LOT-DEMO-0092,ETCH-05,GAS-CF4,유량,40.0,,,37,37,slm,false
LOT-DEMO-0093,ETCH-01,CHAMBER-A,온도,58.0,62.0,,60.0,60.0,℃,true
LOT-DEMO-0093,ETCH-01,CHAMBER-A,압력,42.0,48.0,,45.0,45.0,mTorr,true
LOT-DEMO-0093,ETCH-01,GAS-CF4,유량,40.0,,,34,34,slm,false
LOT-DEMO-0093,ETCH-03,CHAMBER-B,온도,58.0,62.0,,61.0,61.0,℃,true
LOT-DEMO-0093,ETCH-03,CHAMBER-B,압력,42.0,48.0,,49.0,49.0,mTorr,false
LOT-DEMO-0093,ETCH-03,TOOL-KIT-7,Tool,7.0,,,9.0,9.0,,true
LOT-DEMO-0093,ETCH-05,CHAMBER-C,온도,58.0,62.0,,60.0,60.0,℃,true
LOT-DEMO-0093,ETCH-05,CHAMBER-C,압력,42.0,48.0,,45.0,45.0,mTorr,true
LOT-DEMO-0093,ETCH-05,GAS-CF4,유량,40.0,,,44,44,slm,true
LOT-DEMO-0094,ETCH-01,CHAMBER-A,온도,58.0,62.0,,61.0,61.0,℃,true
LOT-DEMO-0094,ETCH-01,CHAMBER-A,압력,42.0,48.0,,46.0,46.0,mTorr,true
LOT-DEMO-0094,ETCH-01,GAS-CF4,유량,40.0,,,41,41,slm,true
LOT-DEMO-0094,ETCH-03,CHAMBER-B,온도,58.0,62.0,,57.0,57.0,℃,false
LOT-DEMO-0094,ETCH-03,CHAMBER-B,압력,42.0,48.0,,45.0,45.0,mTorr,true
LOT-DEMO-0094,ETCH-03,TOOL-KIT-7,Tool,7.0,,,5.0,5.0,,false
LOT-DEMO-0094,ETCH-05,CHAMBER-C,온도,58.0,62.0,,61.0,61.0,℃,true
LOT-DEMO-0094,ETCH-05,CHAMBER-C,압력,42.0,48.0,,46.0,46.0,mTorr,true
LOT-DEMO-0094,ETCH-05,GAS-CF4,유량,40.0,,,51,51,slm,true
LOT-DEMO-0095,ETCH-01,CHAMBER-A,온도,58.0,62.0,,62.0,62.0,℃,true
LOT-DEMO-0095,ETCH-01,CHAMBER-A,압력,42.0,48.0,,47.0,47.0,mTorr,true
LOT-DEMO-0095,ETCH-01,GAS-CF4,유량,40.0,,,48,48,slm,true
LOT-DEMO-0095,ETCH-03,CHAMBER-B,온도,58.0,62.0,,58.0,58.0,℃,true
LOT-DEMO-0095,ETCH-03,CHAMBER-B,압력,42.0,48.0,,46.0,46.0,mTorr,true
LOT-DEMO-0095,ETCH-03,TOOL-KIT-7,Tool,7.0,,,6.0,6.0,,false
LOT-DEMO-0095,ETCH-05,CHAMBER-C,온도,58.0,62.0,,62.0,62.0,℃,true
LOT-DEMO-0095,ETCH-05,CHAMBER-C,압력,42.0,48.0,,47.0,47.0,mTorr,true
LOT-DEMO-0095,ETCH-05,GAS-CF4,유량,40.0,,,29,29,slm,false
LOT-DEMO-0096,ETCH-01,CHAMBER-A,온도,58.0,62.0,,58.0,58.0,℃,true
LOT-DEMO-0096,ETCH-01,CHAMBER-A,압력,42.0,48.0,,43.0,43.0,mTorr,true
LOT-DEMO-0096,ETCH-01,GAS-CF4,유량,40.0,,,55,55,slm,true
LOT-DEMO-0096,ETCH-03,CHAMBER-B,온도,58.0,62.0,,59.0,59.0,℃,true
LOT-DEMO-0096,ETCH-03,CHAMBER-B,압력,42.0,48.0,,47.0,47.0,mTorr,true
LOT-DEMO-0096,ETCH-03,TOOL-KIT-7,Tool,7.0,,,7.0,7.0,,true
LOT-DEMO-0096,ETCH-05,CHAMBER-C,온도,58.0,62.0,,63.0,63.0,℃,false
LOT-DEMO-0096,ETCH-05,CHAMBER-C,압력,42.0,48.0,,48.0,48.0,mTorr,true
LOT-DEMO-0096,ETCH-05,GAS-CF4,유량,40.0,,,36,36,slm,false
LOT-DEMO-0097,ETCH-01,CHAMBER-A,온도,58.0,62.0,,59.0,59.0,℃,true
LOT-DEMO-0097,ETCH-01,CHAMBER-A,압력,42.0,48.0,,44.0,44.0,mTorr,true
LOT-DEMO-0097,ETCH-01,GAS-CF4,유량,40.0,,,33,33,slm,false
LOT-DEMO-0097,ETCH-03,CHAMBER-B,온도,58.0,62.0,,60.0,60.0,℃,true
LOT-DEMO-0097,ETCH-03,CHAMBER-B,압력,42.0,48.0,,48.0,48.0,mTorr,true
LOT-DEMO-0097,ETCH-03,TOOL-KIT-7,Tool,7.0,,,8.0,8.0,,true
LOT-DEMO-0097,ETCH-05,CHAMBER-C,온도,58.0,62.0,,59.0,59.0,℃,true
LOT-DEMO-0097,ETCH-05,CHAMBER-C,압력,42.0,48.0,,44.0,44.0,mTorr,true
LOT-DEMO-0097,ETCH-05,GAS-CF4,유량,40.0,,,43,43,slm,true
LOT-DEMO-0098,ETCH-01,CHAMBER-A,온도,58.0,62.0,,60.0,60.0,℃,true
LOT-DEMO-0098,ETCH-01,CHAMBER-A,압력,42.0,48.0,,45.0,45.0,mTorr,true
LOT-DEMO-0098,ETCH-01,GAS-CF4,유량,40.0,,,40,40,slm,true
LOT-DEMO-0098,ETCH-03,CHAMBER-B,온도,58.0,62.0,,61.0,61.0,℃,true
LOT-DEMO-0098,ETCH-03,CHAMBER-B,압력,42.0,48.0,,49.0,49.0,mTorr,false
LOT-DEMO-0098,ETCH-03,TOOL-KIT-7,Tool,7.0,,,9.0,9.0,,true
LOT-DEMO-0098,ETCH-05,CHAMBER-C,온도,58.0,62.0,,60.0,60.0,℃,true
LOT-DEMO-0098,ETCH-05,CHAMBER-C,압력,42.0,48.0,,45.0,45.0,mTorr,true
LOT-DEMO-0098,ETCH-05,GAS-CF4,유량,40.0,,,50,50,slm,true
LOT-DEMO-0099,ETCH-01,CHAMBER-A,온도,58.0,62.0,,61.0,61.0,℃,true
LOT-DEMO-0099,ETCH-01,CHAMBER-A,압력,42.0,48.0,,46.0,46.0,mTorr,true
LOT-DEMO-0099,ETCH-01,GAS-CF4,유량,40.0,,,47,47,slm,true
LOT-DEMO-0099,ETCH-03,CHAMBER-B,온도,58.0,62.0,,57.0,57.0,℃,false
LOT-DEMO-0099,ETCH-03,CHAMBER-B,압력,42.0,48.0,,45.0,45.0,mTorr,true
LOT-DEMO-0099,ETCH-03,TOOL-KIT-7,Tool,7.0,,,5.0,5.0,,false
LOT-DEMO-0099,ETCH-05,CHAMBER-C,온도,58.0,62.0,,61.0,61.0,℃,true
LOT-DEMO-0099,ETCH-05,CHAMBER-C,압력,42.0,48.0,,46.0,46.0,mTorr,true
LOT-DEMO-0099,ETCH-05,GAS-CF4,유량,40.0,,,28,28,slm,false
LOT-DEMO-0100,ETCH-01,CHAMBER-A,온도,58.0,62.0,,62.0,62.0,℃,true
LOT-DEMO-0100,ETCH-01,CHAMBER-A,압력,42.0,48.0,,47.0,47.0,mTorr,true
LOT-DEMO-0100,ETCH-01,GAS-CF4,유량,40.0,,,54,54,slm,true
LOT-DEMO-0100,ETCH-03,CHAMBER-B,온도,58.0,62.0,,58.0,58.0,℃,true
LOT-DEMO-0100,ETCH-03,CHAMBER-B,압력,42.0,48.0,,46.0,46.0,mTorr,true
LOT-DEMO-0100,ETCH-03,TOOL-KIT-7,Tool,7.0,,,6.0,6.0,,false
LOT-DEMO-0100,ETCH-05,CHAMBER-C,온도,58.0,62.0,,62.0,62.0,℃,true
LOT-DEMO-0100,ETCH-05,CHAMBER-C,압력,42.0,48.0,,47.0,47.0,mTorr,true
LOT-DEMO-0100,ETCH-05,GAS-CF4,유량,40.0,,,35,35,slm,false
LOT-DEMO-0101,ETCH-01,CHAMBER-A,온도,58.0,62.0,,58.0,58.0,℃,true
LOT-DEMO-0101,ETCH-01,CHAMBER-A,압력,42.0,48.0,,43.0,43.0,mTorr,true
LOT-DEMO-0101,ETCH-01,GAS-CF4,유량,40.0,,,32,32,slm,false
LOT-DEMO-0101,ETCH-03,CHAMBER-B,온도,58.0,62.0,,59.0,59.0,℃,true
LOT-DEMO-0101,ETCH-03,CHAMBER-B,압력,42.0,48.0,,47.0,47.0,mTorr,true
LOT-DEMO-0101,ETCH-03,TOOL-KIT-7,Tool,7.0,,,7.0,7.0,,true
LOT-DEMO-0101,ETCH-05,CHAMBER-C,온도,58.0,62.0,,63.0,63.0,℃,false
LOT-DEMO-0101,ETCH-05,CHAMBER-C,압력,42.0,48.0,,48.0,48.0,mTorr,true
LOT-DEMO-0101,ETCH-05,GAS-CF4,유량,40.0,,,42,42,slm,true
LOT-DEMO-0102,ETCH-01,CHAMBER-A,온도,58.0,62.0,,59.0,59.0,℃,true
LOT-DEMO-0102,ETCH-01,CHAMBER-A,압력,42.0,48.0,,44.0,44.0,mTorr,true
LOT-DEMO-0102,ETCH-01,GAS-CF4,유량,40.0,,,39,39,slm,false
LOT-DEMO-0102,ETCH-03,CHAMBER-B,온도,58.0,62.0,,60.0,60.0,℃,true
LOT-DEMO-0102,ETCH-03,CHAMBER-B,압력,42.0,48.0,,48.0,48.0,mTorr,true
LOT-DEMO-0102,ETCH-03,TOOL-KIT-7,Tool,7.0,,,8.0,8.0,,true
LOT-DEMO-0102,ETCH-05,CHAMBER-C,온도,58.0,62.0,,59.0,59.0,℃,true
LOT-DEMO-0102,ETCH-05,CHAMBER-C,압력,42.0,48.0,,44.0,44.0,mTorr,true
LOT-DEMO-0102,ETCH-05,GAS-CF4,유량,40.0,,,49,49,slm,true
LOT-DEMO-0103,ETCH-01,CHAMBER-A,온도,58.0,62.0,,60.0,60.0,℃,true
LOT-DEMO-0103,ETCH-01,CHAMBER-A,압력,42.0,48.0,,45.0,45.0,mTorr,true
LOT-DEMO-0103,ETCH-01,GAS-CF4,유량,40.0,,,46,46,slm,true
LOT-DEMO-0103,ETCH-03,CHAMBER-B,온도,58.0,62.0,,61.0,61.0,℃,true
LOT-DEMO-0103,ETCH-03,CHAMBER-B,압력,42.0,48.0,,49.0,49.0,mTorr,false
LOT-DEMO-0103,ETCH-03,TOOL-KIT-7,Tool,7.0,,,9.0,9.0,,true
LOT-DEMO-0103,ETCH-05,CHAMBER-C,온도,58.0,62.0,,60.0,60.0,℃,true
LOT-DEMO-0103,ETCH-05,CHAMBER-C,압력,42.0,48.0,,45.0,45.0,mTorr,true
LOT-DEMO-0103,ETCH-05,GAS-CF4,유량,40.0,,,56,56,slm,true
LOT-DEMO-0104,ETCH-01,CHAMBER-A,온도,58.0,62.0,,61.0,61.0,℃,true
LOT-DEMO-0104,ETCH-01,CHAMBER-A,압력,42.0,48.0,,46.0,46.0,mTorr,true
LOT-DEMO-0104,ETCH-01,GAS-CF4,유량,40.0,,,53,53,slm,true
LOT-DEMO-0104,ETCH-03,CHAMBER-B,온도,58.0,62.0,,57.0,57.0,℃,false
LOT-DEMO-0104,ETCH-03,CHAMBER-B,압력,42.0,48.0,,45.0,45.0,mTorr,true
LOT-DEMO-0104,ETCH-03,TOOL-KIT-7,Tool,7.0,,,5.0,5.0,,false
LOT-DEMO-0104,ETCH-05,CHAMBER-C,온도,58.0,62.0,,61.0,61.0,℃,true
LOT-DEMO-0104,ETCH-05,CHAMBER-C,압력,42.0,48.0,,46.0,46.0,mTorr,true
LOT-DEMO-0104,ETCH-05,GAS-CF4,유량,40.0,,,34,34,slm,false
LOT-DEMO-0105,ETCH-01,CHAMBER-A,온도,58.0,62.0,,62.0,62.0,℃,true
LOT-DEMO-0105,ETCH-01,CHAMBER-A,압력,42.0,48.0,,47.0,47.0,mTorr,true
LOT-DEMO-0105,ETCH-01,GAS-CF4,유량,40.0,,,31,31,slm,false
LOT-DEMO-0105,ETCH-03,CHAMBER-B,온도,58.0,62.0,,58.0,58.0,℃,true
LOT-DEMO-0105,ETCH-03,CHAMBER-B,압력,42.0,48.0,,46.0,46.0,mTorr,true
LOT-DEMO-0105,ETCH-03,TOOL-KIT-7,Tool,7.0,,,6.0,6.0,,false
LOT-DEMO-0105,ETCH-05,CHAMBER-C,온도,58.0,62.0,,62.0,62.0,℃,true
LOT-DEMO-0105,ETCH-05,CHAMBER-C,압력,42.0,48.0,,47.0,47.0,mTorr,true
LOT-DEMO-0105,ETCH-05,GAS-CF4,유량,40.0,,,41,41,slm,true
LOT-DEMO-0106,ETCH-01,CHAMBER-A,온도,58.0,62.0,,58.0,58.0,℃,true
LOT-DEMO-0106,ETCH-01,CHAMBER-A,압력,42.0,48.0,,43.0,43.0,mTorr,true
LOT-DEMO-0106,ETCH-01,GAS-CF4,유량,40.0,,,38,38,slm,false
LOT-DEMO-0106,ETCH-03,CHAMBER-B,온도,58.0,62.0,,59.0,59.0,℃,true
LOT-DEMO-0106,ETCH-03,CHAMBER-B,압력,42.0,48.0,,47.0,47.0,mTorr,true
LOT-DEMO-0106,ETCH-03,TOOL-KIT-7,Tool,7.0,,,7.0,7.0,,true
LOT-DEMO-0106,ETCH-05,CHAMBER-C,온도,58.0,62.0,,63.0,63.0,℃,false
LOT-DEMO-0106,ETCH-05,CHAMBER-C,압력,42.0,48.0,,48.0,48.0,mTorr,true
LOT-DEMO-0106,ETCH-05,GAS-CF4,유량,40.0,,,48,48,slm,true
LOT-DEMO-0107,ETCH-01,CHAMBER-A,온도,58.0,62.0,,59.0,59.0,℃,true
LOT-DEMO-0107,ETCH-01,CHAMBER-A,압력,42.0,48.0,,44.0,44.0,mTorr,true
LOT-DEMO-0107,ETCH-01,GAS-CF4,유량,40.0,,,45,45,slm,true
LOT-DEMO-0107,ETCH-03,CHAMBER-B,온도,58.0,62.0,,60.0,60.0,℃,true
LOT-DEMO-0107,ETCH-03,CHAMBER-B,압력,42.0,48.0,,48.0,48.0,mTorr,true
LOT-DEMO-0107,ETCH-03,TOOL-KIT-7,Tool,7.0,,,8.0,8.0,,true
LOT-DEMO-0107,ETCH-05,CHAMBER-C,온도,58.0,62.0,,59.0,59.0,℃,true
LOT-DEMO-0107,ETCH-05,CHAMBER-C,압력,42.0,48.0,,44.0,44.0,mTorr,true
LOT-DEMO-0107,ETCH-05,GAS-CF4,유량,40.0,,,55,55,slm,true
LOT-DEMO-0108,ETCH-01,CHAMBER-A,온도,58.0,62.0,,60.0,60.0,℃,true
LOT-DEMO-0108,ETCH-01,CHAMBER-A,압력,42.0,48.0,,45.0,45.0,mTorr,true
LOT-DEMO-0108,ETCH-01,GAS-CF4,유량,40.0,,,52,52,slm,true
LOT-DEMO-0108,ETCH-03,CHAMBER-B,온도,58.0,62.0,,61.0,61.0,℃,true
LOT-DEMO-0108,ETCH-03,CHAMBER-B,압력,42.0,48.0,,49.0,49.0,mTorr,false
LOT-DEMO-0108,ETCH-03,TOOL-KIT-7,Tool,7.0,,,9.0,9.0,,true
LOT-DEMO-0108,ETCH-05,CHAMBER-C,온도,58.0,62.0,,60.0,60.0,℃,true
LOT-DEMO-0108,ETCH-05,CHAMBER-C,압력,42.0,48.0,,45.0,45.0,mTorr,true
LOT-DEMO-0108,ETCH-05,GAS-CF4,유량,40.0,,,33,33,slm,false
LOT-DEMO-0109,ETCH-01,CHAMBER-A,온도,58.0,62.0,,61.0,61.0,℃,true
LOT-DEMO-0109,ETCH-01,CHAMBER-A,압력,42.0,48.0,,46.0,46.0,mTorr,true
LOT-DEMO-0109,ETCH-01,GAS-CF4,유량,40.0,,,30,30,slm,false
LOT-DEMO-0109,ETCH-03,CHAMBER-B,온도,58.0,62.0,,57.0,57.0,℃,false
LOT-DEMO-0109,ETCH-03,CHAMBER-B,압력,42.0,48.0,,45.0,45.0,mTorr,true
LOT-DEMO-0109,ETCH-03,TOOL-KIT-7,Tool,7.0,,,5.0,5.0,,false
LOT-DEMO-0109,ETCH-05,CHAMBER-C,온도,58.0,62.0,,61.0,61.0,℃,true
LOT-DEMO-0109,ETCH-05,CHAMBER-C,압력,42.0,48.0,,46.0,46.0,mTorr,true
LOT-DEMO-0109,ETCH-05,GAS-CF4,유량,40.0,,,40,40,slm,true
LOT-DEMO-0110,ETCH-01,CHAMBER-A,온도,58.0,62.0,,62.0,62.0,℃,true
LOT-DEMO-0110,ETCH-01,CHAMBER-A,압력,42.0,48.0,,47.0,47.0,mTorr,true
LOT-DEMO-0110,ETCH-01,GAS-CF4,유량,40.0,,,37,37,slm,false
LOT-DEMO-0110,ETCH-03,CHAMBER-B,온도,58.0,62.0,,58.0,58.0,℃,true
LOT-DEMO-0110,ETCH-03,CHAMBER-B,압력,42.0,48.0,,46.0,46.0,mTorr,true
LOT-DEMO-0110,ETCH-03,TOOL-KIT-7,Tool,7.0,,,6.0,6.0,,false
LOT-DEMO-0110,ETCH-05,CHAMBER-C,온도,58.0,62.0,,62.0,62.0,℃,true
LOT-DEMO-0110,ETCH-05,CHAMBER-C,압력,42.0,48.0,,47.0,47.0,mTorr,true
LOT-DEMO-0110,ETCH-05,GAS-CF4,유량,40.0,,,47,47,slm,true
LOT-DEMO-0111,ETCH-01,CHAMBER-A,온도,58.0,62.0,,58.0,58.0,℃,true
LOT-DEMO-0111,ETCH-01,CHAMBER-A,압력,42.0,48.0,,43.0,43.0,mTorr,true
LOT-DEMO-0111,ETCH-01,GAS-CF4,유량,40.0,,,44,44,slm,true
LOT-DEMO-0111,ETCH-03,CHAMBER-B,온도,58.0,62.0,,59.0,59.0,℃,true
LOT-DEMO-0111,ETCH-03,CHAMBER-B,압력,42.0,48.0,,47.0,47.0,mTorr,true
LOT-DEMO-0111,ETCH-03,TOOL-KIT-7,Tool,7.0,,,7.0,7.0,,true
LOT-DEMO-0111,ETCH-05,CHAMBER-C,온도,58.0,62.0,,63.0,63.0,℃,false
LOT-DEMO-0111,ETCH-05,CHAMBER-C,압력,42.0,48.0,,48.0,48.0,mTorr,true
LOT-DEMO-0111,ETCH-05,GAS-CF4,유량,40.0,,,54,54,slm,true
LOT-DEMO-0112,ETCH-01,CHAMBER-A,온도,58.0,62.0,,59.0,59.0,℃,true
LOT-DEMO-0112,ETCH-01,CHAMBER-A,압력,42.0,48.0,,44.0,44.0,mTorr,true
LOT-DEMO-0112,ETCH-01,GAS-CF4,유량,40.0,,,51,51,slm,true
LOT-DEMO-0112,ETCH-03,CHAMBER-B,온도,58.0,62.0,,60.0,60.0,℃,true
LOT-DEMO-0112,ETCH-03,CHAMBER-B,압력,42.0,48.0,,48.0,48.0,mTorr,true
LOT-DEMO-0112,ETCH-03,TOOL-KIT-7,Tool,7.0,,,8.0,8.0,,true
LOT-DEMO-0112,ETCH-05,CHAMBER-C,온도,58.0,62.0,,59.0,59.0,℃,true
LOT-DEMO-0112,ETCH-05,CHAMBER-C,압력,42.0,48.0,,44.0,44.0,mTorr,true
LOT-DEMO-0112,ETCH-05,GAS-CF4,유량,40.0,,,32,32,slm,false
LOT-DEMO-0113,ETCH-01,CHAMBER-A,온도,58.0,62.0,,60.0,60.0,℃,true
LOT-DEMO-0113,ETCH-01,CHAMBER-A,압력,42.0,48.0,,45.0,45.0,mTorr,true
LOT-DEMO-0113,ETCH-01,GAS-CF4,유량,40.0,,,29,29,slm,false
LOT-DEMO-0113,ETCH-03,CHAMBER-B,온도,58.0,62.0,,61.0,61.0,℃,true
LOT-DEMO-0113,ETCH-03,CHAMBER-B,압력,42.0,48.0,,49.0,49.0,mTorr,false
LOT-DEMO-0113,ETCH-03,TOOL-KIT-7,Tool,7.0,,,9.0,9.0,,true
LOT-DEMO-0113,ETCH-05,CHAMBER-C,온도,58.0,62.0,,60.0,60.0,℃,true
LOT-DEMO-0113,ETCH-05,CHAMBER-C,압력,42.0,48.0,,45.0,45.0,mTorr,true
LOT-DEMO-0113,ETCH-05,GAS-CF4,유량,40.0,,,39,39,slm,false
LOT-DEMO-0114,ETCH-01,CHAMBER-A,온도,58.0,62.0,,61.0,61.0,℃,true
LOT-DEMO-0114,ETCH-01,CHAMBER-A,압력,42.0,48.0,,46.0,46.0,mTorr,true
LOT-DEMO-0114,ETCH-01,GAS-CF4,유량,40.0,,,36,36,slm,false
LOT-DEMO-0114,ETCH-03,CHAMBER-B,온도,58.0,62.0,,57.0,57.0,℃,false
LOT-DEMO-0114,ETCH-03,CHAMBER-B,압력,42.0,48.0,,45.0,45.0,mTorr,true
LOT-DEMO-0114,ETCH-03,TOOL-KIT-7,Tool,7.0,,,5.0,5.0,,false
LOT-DEMO-0114,ETCH-05,CHAMBER-C,온도,58.0,62.0,,61.0,61.0,℃,true
LOT-DEMO-0114,ETCH-05,CHAMBER-C,압력,42.0,48.0,,46.0,46.0,mTorr,true
LOT-DEMO-0114,ETCH-05,GAS-CF4,유량,40.0,,,46,46,slm,true
LOT-DEMO-0115,ETCH-01,CHAMBER-A,온도,58.0,62.0,,62.0,62.0,℃,true
LOT-DEMO-0115,ETCH-01,CHAMBER-A,압력,42.0,48.0,,47.0,47.0,mTorr,true
LOT-DEMO-0115,ETCH-01,GAS-CF4,유량,40.0,,,43,43,slm,true
LOT-DEMO-0115,ETCH-03,CHAMBER-B,온도,58.0,62.0,,58.0,58.0,℃,true
LOT-DEMO-0115,ETCH-03,CHAMBER-B,압력,42.0,48.0,,46.0,46.0,mTorr,true
LOT-DEMO-0115,ETCH-03,TOOL-KIT-7,Tool,7.0,,,6.0,6.0,,false
LOT-DEMO-0115,ETCH-05,CHAMBER-C,온도,58.0,62.0,,62.0,62.0,℃,true
LOT-DEMO-0115,ETCH-05,CHAMBER-C,압력,42.0,48.0,,47.0,47.0,mTorr,true
LOT-DEMO-0115,ETCH-05,GAS-CF4,유량,40.0,,,53,53,slm,true
LOT-DEMO-0116,ETCH-01,CHAMBER-A,온도,58.0,62.0,,58.0,58.0,℃,true
LOT-DEMO-0116,ETCH-01,CHAMBER-A,압력,42.0,48.0,,43.0,43.0,mTorr,true
LOT-DEMO-0116,ETCH-01,GAS-CF4,유량,40.0,,,50,50,slm,true
LOT-DEMO-0116,ETCH-03,CHAMBER-B,온도,58.0,62.0,,59.0,59.0,℃,true
LOT-DEMO-0116,ETCH-03,CHAMBER-B,압력,42.0,48.0,,47.0,47.0,mTorr,true
LOT-DEMO-0116,ETCH-03,TOOL-KIT-7,Tool,7.0,,,7.0,7.0,,true
LOT-DEMO-0116,ETCH-05,CHAMBER-C,온도,58.0,62.0,,63.0,63.0,℃,false
LOT-DEMO-0116,ETCH-05,CHAMBER-C,압력,42.0,48.0,,48.0,48.0,mTorr,true
LOT-DEMO-0116,ETCH-05,GAS-CF4,유량,40.0,,,31,31,slm,false
LOT-DEMO-0117,ETCH-01,CHAMBER-A,온도,58.0,62.0,,59.0,59.0,℃,true
LOT-DEMO-0117,ETCH-01,CHAMBER-A,압력,42.0,48.0,,44.0,44.0,mTorr,true
LOT-DEMO-0117,ETCH-01,GAS-CF4,유량,40.0,,,28,28,slm,false
LOT-DEMO-0117,ETCH-03,CHAMBER-B,온도,58.0,62.0,,60.0,60.0,℃,true
LOT-DEMO-0117,ETCH-03,CHAMBER-B,압력,42.0,48.0,,48.0,48.0,mTorr,true
LOT-DEMO-0117,ETCH-03,TOOL-KIT-7,Tool,7.0,,,8.0,8.0,,true
LOT-DEMO-0117,ETCH-05,CHAMBER-C,온도,58.0,62.0,,59.0,59.0,℃,true
LOT-DEMO-0117,ETCH-05,CHAMBER-C,압력,42.0,48.0,,44.0,44.0,mTorr,true
LOT-DEMO-0117,ETCH-05,GAS-CF4,유량,40.0,,,38,38,slm,false
LOT-DEMO-0118,ETCH-01,CHAMBER-A,온도,58.0,62.0,,60.0,60.0,℃,true
LOT-DEMO-0118,ETCH-01,CHAMBER-A,압력,42.0,48.0,,45.0,45.0,mTorr,true
LOT-DEMO-0118,ETCH-01,GAS-CF4,유량,40.0,,,35,35,slm,false
LOT-DEMO-0118,ETCH-03,CHAMBER-B,온도,58.0,62.0,,61.0,61.0,℃,true
LOT-DEMO-0118,ETCH-03,CHAMBER-B,압력,42.0,48.0,,49.0,49.0,mTorr,false
LOT-DEMO-0118,ETCH-03,TOOL-KIT-7,Tool,7.0,,,9.0,9.0,,true
LOT-DEMO-0118,ETCH-05,CHAMBER-C,온도,58.0,62.0,,60.0,60.0,℃,true
LOT-DEMO-0118,ETCH-05,CHAMBER-C,압력,42.0,48.0,,45.0,45.0,mTorr,true
LOT-DEMO-0118,ETCH-05,GAS-CF4,유량,40.0,,,45,45,slm,true
LOT-DEMO-0119,ETCH-01,CHAMBER-A,온도,58.0,62.0,,61.0,61.0,℃,true
LOT-DEMO-0119,ETCH-01,CHAMBER-A,압력,42.0,48.0,,46.0,46.0,mTorr,true
LOT-DEMO-0119,ETCH-01,GAS-CF4,유량,40.0,,,42,42,slm,true
LOT-DEMO-0119,ETCH-03,CHAMBER-B,온도,58.0,62.0,,57.0,57.0,℃,false
LOT-DEMO-0119,ETCH-03,CHAMBER-B,압력,42.0,48.0,,45.0,45.0,mTorr,true
LOT-DEMO-0119,ETCH-03,TOOL-KIT-7,Tool,7.0,,,5.0,5.0,,false
LOT-DEMO-0119,ETCH-05,CHAMBER-C,온도,58.0,62.0,,61.0,61.0,℃,true
LOT-DEMO-0119,ETCH-05,CHAMBER-C,압력,42.0,48.0,,46.0,46.0,mTorr,true
LOT-DEMO-0119,ETCH-05,GAS-CF4,유량,40.0,,,52,52,slm,true
LOT-DEMO-0120,ETCH-01,CHAMBER-A,온도,58.0,62.0,,62.0,62.0,℃,true
LOT-DEMO-0120,ETCH-01,CHAMBER-A,압력,42.0,48.0,,47.0,47.0,mTorr,true
LOT-DEMO-0120,ETCH-01,GAS-CF4,유량,40.0,,,49,49,slm,true
LOT-DEMO-0120,ETCH-03,CHAMBER-B,온도,58.0,62.0,,58.0,58.0,℃,true
LOT-DEMO-0120,ETCH-03,CHAMBER-B,압력,42.0,48.0,,46.0,46.0,mTorr,true
LOT-DEMO-0120,ETCH-03,TOOL-KIT-7,Tool,7.0,,,6.0,6.0,,false
LOT-DEMO-0120,ETCH-05,CHAMBER-C,온도,58.0,62.0,,62.0,62.0,℃,true
LOT-DEMO-0120,ETCH-05,CHAMBER-C,압력,42.0,48.0,,47.0,47.0,mTorr,true
LOT-DEMO-0120,ETCH-05,GAS-CF4,유량,40.0,,,30,30,slm,false
